37.6997,127.0221;37.6997,127.0290;37.6936,127.0310;37.6933,127.0379;37.6929,127.0448;37.6892,127.0498;37.6892,127.0561;37.6928,127.0622;37.6940,127.0685;37.6950,127.0745;37.6961,127.0811;37.6905,127.0850;37.6899,127.0924;37.6846,127.0958;37.6792,127.0919;37.6697,127.0964;37.6633,127.0941;37.6578,127.0916;37.6506,127.0933;37.6446,127.0946;37.6448,127.1016;37.6450,127.1077;37.6399,127.1111;37.6326,127.1122;37.6273,127.1060;37.6209,127.1054;37.6203,127.1121;37.6167,127.1173;37.6095,127.1169;37.6017,127.1156;37.5955,127.1169;37.5874,127.1102;37.5816,127.1053;37.5761,127.1011;37.5705,127.1039;37.5634,127.1017;37.5564,127.1049;37.5587,127.1117;37.5635,127.1230;37.5662,127.1286;37.5680,127.1347;37.5684,127.1456;37.5710,127.1532;37.5757,127.1608;37.5790,127.1667;37.5800,127.1743;37.5741,127.1761;37.5689,127.1792;37.5630,127.1812;37.5533,127.1814;37.5465,127.1828;37.5456,127.1761;37.5446,127.1652;37.5410,127.1596;37.5345,127.1540;37.5250,127.1495;37.5194,127.1448;37.5099,127.1402;37.5044,127.1434;37.5041,127.1508;37.5019,127.1564;37.4957,127.1599;37.4891,127.1574;37.4852,127.1504;37.4787,127.1473;37.4739,127.1435;37.4742,127.1368;37.4692,127.1328;37.4686,127.1267;37.4622,127.1175;37.4622,127.1087;37.4567,127.0993;37.4497,127.0888;37.4422,127.0829;37.4421,127.0760;37.4364,127.0730;37.4306,127.0696;37.4300,127.0611;37.4288,127.0535;37.4307,127.0474;37.4378,127.0411;37.4400,127.0353;37.4459,127.0382;37.4522,127.0358;37.4602,127.0349;37.4655,127.0319;37.4606,127.0282;37.4562,127.0215;37.4549,127.0156;37.4572,127.0092;37.4632,127.0050;37.4672,126.9974;37.4614,126.9943;37.4582,126.9886;37.4559,126.9824;37.4544,126.9746;37.4495,126.9706;37.4463,126.9643;37.4404,126.9631;37.4388,126.9564;37.4383,126.9493;37.4357,126.9402;37.4417,126.9367;37.4455,126.9306;37.4462,126.9240;37.4400,126.9187;37.4386,126.9123;37.4337,126.9086;37.4364,126.9019;37.4432,126.8983;37.4512,126.8946;37.4548,126.8888;37.4599,126.8853;37.4667,126.8840;37.4714,126.8799;37.4768,126.8761;37.4824,126.8734;37.4879,126.8767;37.4896,126.8709;37.4948,126.8676;37.4909,126.8630;37.4867,126.8585;37.4826,126.8535;37.4819,126.8470;37.4745,126.8454;37.4754,126.8384;37.4776,126.8321;37.4764,126.8241;37.4732,126.8177;37.4792,126.8190;37.4862,126.8213;37.4932,126.8146;37.4987,126.8189;37.5057,126.8226;37.5104,126.8270;37.5180,126.8246;37.5243,126.8261;37.5302,126.8251;37.5365,126.8224;37.5407,126.8179;37.5437,126.8072;37.5417,126.8003;37.5358,126.7944;37.5439,126.7906;37.5460,126.7839;37.5467,126.7779;37.5484,126.7720;37.5531,126.7674;37.5593,126.7732;37.5652,126.7759;37.5689,126.7814;37.5749,126.7852;37.5808,126.7910;37.5878,126.8006;37.5937,126.7987;37.6000,126.7979;37.6050,126.8026;37.6006,126.8090;37.5953,126.8175;37.5911,126.8221;37.5876,126.8277;37.5841,126.8346;37.5796,126.8418;37.5752,126.8484;37.5718,126.8536;37.5752,126.8593;37.5775,126.8673;37.5783,126.8739;37.5846,126.8767;37.5900,126.8810;37.5940,126.8864;37.5885,126.8914;37.5895,126.8981;37.5963,126.9012;37.6031,126.9002;37.6093,126.9006;37.6158,126.9018;37.6206,126.9056;37.6260,126.9084;37.6332,126.9062;37.6410,126.9112;37.6477,126.9065;37.6453,126.9120;37.6459,126.9229;37.6503,126.9315;37.6525,126.9373;37.6577,126.9421;37.6559,126.9498;37.6528,126.9571;37.6448,126.9589;37.6371,126.9616;37.6298,126.9598;37.6307,126.9671;37.6324,126.9730;37.6358,126.9825;37.6416,126.9843;37.6496,126.9839;37.6548,126.9799;37.6589,126.9860;37.6645,126.9888;37.6702,126.9938;37.6777,126.9932;37.6826,126.9970;37.6847,127.0037;37.6901,127.0083;37.6967,127.0097;37.7004,127.0150;37.6997,127.0221
37.2723,126.1080;37.2659,126.1092;37.2584,126.1116;37.2583,126.1181;37.2511,126.1161;37.2468,126.1205;37.2515,126.1251;37.2487,126.1309;37.2470,126.1371;37.2418,126.1405;37.2380,126.1452;37.2387,126.1519;37.2353,126.1602;37.2326,126.1656;37.2288,126.1609;37.2264,126.1544;37.2251,126.1482;37.2190,126.1440;37.2154,126.1489;37.2150,126.1427;37.2132,126.1332;37.2127,126.1270;37.2100,126.1194;37.2117,126.1117;37.2160,126.1161;37.2236,126.1113;37.2200,126.1047;37.2262,126.1041;37.2305,126.0971;37.2250,126.0936;37.2210,126.0888;37.2280,126.0906;37.2353,126.0923;37.2435,126.0893;37.2494,126.0909;37.2577,126.0965;37.2634,126.0992;37.2687,126.1025;37.2724,126.1076;37.2723,126.1080
37.2442,126.4821;37.2404,126.4764;37.2387,126.4705;37.2325,126.4684;37.2274,126.4602;37.2280,126.4536;37.2309,126.4398;37.2325,126.4326;37.2440,126.4310;37.2537,126.4310;37.2605,126.4325;37.2657,126.4361;37.2740,126.4339;37.2726,126.4443;37.2749,126.4521;37.2832,126.4545;37.2833,126.4613;37.2855,126.4685;37.2827,126.4749;37.2812,126.4813;37.2832,126.4878;37.2783,126.4938;37.2718,126.4941;37.2662,126.4965;37.2607,126.4993;37.2537,126.4966;37.2588,126.4925;37.2595,126.4865;37.2549,126.4824;37.2535,126.4762;37.2483,126.4818;37.2442,126.4821
37.5308,126.5028;37.5340,126.5120;37.5313,126.5174;37.5273,126.5255;37.5247,126.5311;37.5229,126.5371;37.5193,126.5422;37.5179,126.5518;37.5169,126.5577;37.5149,126.5635;37.5105,126.5676;37.5062,126.5719;37.5030,126.5770;37.4934,126.5805;37.4879,126.5763;37.4844,126.5705;37.4800,126.5659;37.4783,126.5599;37.4767,126.5522;37.4760,126.5462;37.4759,126.5395;37.4748,126.5326;37.4702,126.5215;37.4678,126.5140;37.4662,126.5078;37.4614,126.5005;37.4562,126.4941;37.4480,126.4882;37.4435,126.4826;37.4392,126.4749;37.4339,126.4656;37.4305,126.4595;37.4250,126.4501;37.4212,126.4432;37.4215,126.4362;37.4227,126.4278;37.4213,126.4217;37.4269,126.4187;37.4323,126.4158;37.4369,126.4113;37.4377,126.4053;37.4333,126.4011;37.4388,126.4041;37.4437,126.3999;37.4456,126.3938;37.4405,126.3850;37.4353,126.3814;37.4406,126.3780;37.4413,126.3677;37.4459,126.3716;37.4521,126.3696;37.4575,126.3669;37.4578,126.3608;37.4625,126.3567;37.4694,126.3560;37.4739,126.3604;37.4740,126.3681;37.4723,126.3743;37.4765,126.3817;37.4846,126.3960;37.4948,126.4141;37.4972,126.4196;37.4980,126.4290;37.4986,126.4355;37.4989,126.4447;37.4998,126.4524;37.4992,126.4600;37.4988,126.4675;37.4991,126.4738;37.5057,126.4896;37.5117,126.4959;37.5247,126.4965;37.5305,126.4987;37.5308,126.5028
37.6379,126.6555;37.6368,126.6627;37.6338,126.6724;37.6295,126.6781;37.6251,126.6834;37.6220,126.6889;37.6179,126.6977;37.6121,126.7041;37.6047,126.7040;37.6051,126.7102;37.6009,126.7159;37.5958,126.7220;37.5919,126.7272;37.5910,126.7337;37.5921,126.7416;37.5863,126.7474;37.5797,126.7522;37.5853,126.7580;37.5862,126.7646;37.5860,126.7709;37.5846,126.7784;37.5826,126.7840;37.5816,126.7937;37.5770,126.7887;37.5736,126.7824;37.5664,126.7770;37.5603,126.7779;37.5572,126.7707;37.5554,126.7646;37.5477,126.7640;37.5395,126.7623;37.5278,126.7602;37.5204,126.7606;37.5167,126.7551;37.5145,126.7492;37.5088,126.7416;37.5025,126.7435;37.4964,126.7422;37.4884,126.7425;37.4851,126.7492;37.4829,126.7555;37.4769,126.7592;37.4752,126.7652;37.4723,126.7721;37.4718,126.7782;37.4658,126.7798;37.4570,126.7781;37.4511,126.7790;37.4493,126.7716;37.4432,126.7687;37.4365,126.7712;37.4303,126.7707;37.4260,126.7646;37.4227,126.7533;37.4166,126.7528;37.4081,126.7492;37.4051,126.7434;37.3991,126.7410;37.3938,126.7336;37.3864,126.7264;37.3826,126.7214;37.3814,126.7151;37.3826,126.7077;37.3840,126.6994;37.3863,126.6879;37.3829,126.6948;37.3778,126.6904;37.3720,126.6848;37.3645,126.6775;37.3598,126.6730;37.3549,126.6683;37.3500,126.6646;37.3482,126.6588;37.3472,126.6527;37.3472,126.6458;37.3445,126.6515;37.3442,126.6441;37.3419,126.6322;37.3418,126.6228;37.3431,126.6151;37.3385,126.6083;37.3433,126.6028;37.3433,126.5950;37.3373,126.5940;37.3373,126.5806;37.3394,126.5910;37.3472,126.5963;37.3472,126.5862;37.3548,126.5829;37.3549,126.6000;37.3550,126.6156;37.3550,126.6390;37.3548,126.6326;37.3548,126.6255;37.3505,126.6209;37.3477,126.6282;37.3477,126.6368;37.3478,126.6431;37.3500,126.6487;37.3548,126.6447;37.3536,126.6512;37.3642,126.6412;37.3684,126.6343;37.3731,126.6260;37.3778,126.6189;37.3865,126.6105;37.3929,126.6099;37.4043,126.6098;37.4123,126.6098;37.4162,126.6017;37.4243,126.6041;37.4269,126.6114;37.4269,126.6270;37.4250,126.6332;37.4187,126.6345;37.4246,126.6356;37.4307,126.6337;37.4299,126.6227;37.4299,126.6118;37.4374,126.6142;37.4411,126.6078;37.4420,126.6155;37.4480,126.6106;37.4531,126.6138;37.4459,126.6056;37.4383,126.6011;37.4383,126.5943;37.4450,126.5931;37.4500,126.5970;37.4549,126.5934;37.4558,126.6017;37.4569,126.5950;37.4620,126.5909;37.4571,126.5947;37.4632,126.5957;37.4647,126.6048;37.4624,126.6122;37.4577,126.6242;37.4619,126.6199;37.4603,126.6259;37.4648,126.6187;37.4666,126.6250;37.4702,126.6156;37.4772,126.6124;37.4722,126.6085;37.4664,126.6063;37.4663,126.6003;37.4701,126.5951;37.4774,126.5978;37.4863,126.6063;37.4801,126.6051;37.4821,126.6121;37.4847,126.6190;37.4835,126.6117;37.4918,126.6232;37.4892,126.6296;37.4852,126.6360;37.4892,126.6310;37.4955,126.6350;37.5024,126.6395;37.5042,126.6308;37.4975,126.6269;37.4959,126.6046;37.5051,126.6044;37.5116,126.6047;37.5269,126.6025;37.5331,126.6025;37.5387,126.5987;37.5453,126.5973;37.5511,126.6002;37.5533,126.6060;37.5585,126.6011;37.5615,126.5945;37.5640,126.5886;37.5768,126.5835;37.5880,126.5751;37.5922,126.5902;37.5963,126.5981;37.5990,126.6036;37.6045,126.6095;37.6057,126.6155;37.6033,126.6216;37.6064,126.6278;37.6133,126.6309;37.6189,126.6332;37.6250,126.6374;37.6285,126.6446;37.6319,126.6496;37.6382,126.6540;37.6379,126.6555
37.7463,126.3296;37.7421,126.3247;37.7370,126.3209;37.7304,126.3190;37.7233,126.3173;37.7172,126.3172;37.7117,126.3202;37.7080,126.3255;37.7029,126.3333;37.6994,126.3384;37.6963,126.3482;37.6948,126.3568;37.6957,126.3629;37.6905,126.3679;37.6876,126.3749;37.6829,126.3788;37.6768,126.3773;37.6689,126.3753;37.6639,126.3710;37.6626,126.3651;37.6591,126.3600;37.6544,126.3535;37.6511,126.3480;37.6448,126.3433;37.6484,126.3365;37.6531,126.3288;37.6595,126.3246;37.6702,126.3287;37.6794,126.3202;37.6846,126.3154;37.6890,126.3037;37.6914,126.2974;37.6953,126.2888;37.7007,126.2858;37.7061,126.2767;37.7091,126.2713;37.7094,126.2792;37.7127,126.2867;37.7202,126.2882;37.7287,126.2879;37.7394,126.2895;37.7447,126.2925;37.7455,126.3001;37.7467,126.3062;37.7510,126.3147;37.7521,126.3214;37.7480,126.3296;37.7463,126.3296
37.8153,126.2664;37.8113,126.2768;37.8084,126.2824;37.8058,126.2884;37.8025,126.2942;37.8032,126.3005;37.8022,126.3109;37.8043,126.3214;37.8058,126.3275;37.7997,126.3321;37.7938,126.3301;37.7870,126.3262;37.7801,126.3199;37.7737,126.3150;37.7704,126.3057;37.7677,126.3003;37.7648,126.2927;37.7661,126.2866;37.7687,126.2806;37.7691,126.2721;37.7668,126.2629;37.7648,126.2563;37.7656,126.2484;37.7638,126.2425;37.7578,126.2403;37.7512,126.2330;37.7535,126.2267;37.7571,126.2213;37.7634,126.2147;37.7683,126.2076;37.7741,126.2106;37.7782,126.2163;37.7841,126.2197;37.7915,126.2229;37.7970,126.2205;37.8027,126.2228;37.8077,126.2275;37.8117,126.2334;37.8163,126.2383;37.8148,126.2461;37.8146,126.2568;37.8177,126.2637;37.8153,126.2664
37.8246,126.4388;37.8217,126.4444;37.8131,126.4503;37.8085,126.4556;37.8040,126.4641;37.8007,126.4694;37.7952,126.4778;37.7910,126.4855;37.7884,126.4919;37.7869,126.4987;37.7838,126.5053;37.7784,126.5083;37.7722,126.5116;37.7648,126.5105;37.7587,126.5143;37.7518,126.5199;37.7487,126.5257;37.7419,126.5242;37.7334,126.5187;37.7275,126.5147;37.7170,126.5125;37.7109,126.5146;37.7068,126.5198;37.7030,126.5250;37.6978,126.5214;37.6903,126.5197;37.6817,126.5189;37.6747,126.5169;37.6692,126.5207;37.6663,126.5265;37.6635,126.5326;37.6595,126.5275;37.6537,126.5223;37.6478,126.5268;37.6416,126.5274;37.6360,126.5311;37.6301,126.5338;37.6222,126.5353;37.6230,126.5415;37.6171,126.5355;37.6115,126.5230;37.6066,126.5192;37.5999,126.5146;37.5984,126.5226;37.5939,126.5185;37.5899,126.5238;37.5803,126.5176;37.5817,126.5108;37.5859,126.5064;37.5921,126.5068;37.5933,126.5130;37.5994,126.5129;37.5963,126.5045;37.5983,126.4987;37.6001,126.4897;37.6027,126.4843;37.6038,126.4777;37.5981,126.4755;37.5955,126.4658;37.5896,126.4626;37.5934,126.4564;37.5945,126.4470;37.5927,126.4393;37.5932,126.4215;37.5935,126.4144;37.5940,126.4057;37.5982,126.3959;37.6018,126.3903;37.6059,126.3855;37.6094,126.3793;37.6121,126.3738;37.6187,126.3776;37.6249,126.3752;37.6316,126.3736;37.6335,126.3679;37.6364,126.3740;37.6382,126.3830;37.6404,126.3887;37.6396,126.3946;37.6429,126.4029;37.6475,126.4073;37.6522,126.4110;37.6590,126.4099;37.6652,126.4069;37.6724,126.4052;37.6796,126.3989;37.6854,126.3913;37.6907,126.3880;37.6958,126.3911;37.6997,126.3863;37.7005,126.3798;37.7007,126.3737;37.7038,126.3673;37.7038,126.3605;37.7069,126.3552;37.7139,126.3524;37.7234,126.3536;37.7341,126.3516;37.7401,126.3519;37.7524,126.3542;37.7623,126.3555;37.7701,126.3540;37.7782,126.3541;37.7853,126.3525;37.7917,126.3506;37.7936,126.3566;37.7968,126.3628;37.8003,126.3683;37.8026,126.3739;37.8041,126.3815;37.8071,126.3870;37.8151,126.3904;37.8215,126.3927;37.8237,126.3990;37.8221,126.4050;37.8224,126.4126;37.8266,126.4214;37.8316,126.4267;37.8297,126.4353;37.8246,126.4388
36.4891,127.3989;36.4826,127.4038;36.4766,127.4042;36.4703,127.4016;36.4627,127.4014;36.4562,127.4019;36.4548,127.4130;36.4562,127.4247;36.4564,127.4359;36.4523,127.4415;36.4492,127.4472;36.4501,127.4540;36.4533,127.4596;36.4603,127.4635;36.4688,127.4660;36.4735,127.4702;36.4763,127.4761;36.4766,127.4840;36.4700,127.4833;36.4647,127.4801;36.4591,127.4775;36.4539,127.4821;36.4529,127.4882;36.4545,127.4951;36.4555,127.5028;36.4494,127.5035;36.4456,127.4985;36.4416,127.4939;36.4359,127.4906;36.4295,127.4913;36.4227,127.4957;36.4166,127.4971;36.4106,127.5006;36.4083,127.5081;36.4131,127.5119;36.4193,127.5136;36.4216,127.5209;36.4212,127.5270;36.4193,127.5348;36.4197,127.5415;36.4121,127.5429;36.4079,127.5486;36.4028,127.5526;36.3996,127.5579;36.3949,127.5540;36.3968,127.5481;36.3979,127.5392;36.3917,127.5334;36.3877,127.5268;36.3805,127.5254;36.3738,127.5259;36.3677,127.5255;36.3604,127.5236;36.3543,127.5224;36.3487,127.5158;36.3467,127.5098;36.3409,127.5038;36.3339,127.5012;36.3275,127.5020;36.3208,127.5000;36.3144,127.4969;36.3079,127.4982;36.3016,127.4974;36.2993,127.4916;36.2913,127.4946;36.2857,127.4976;36.2792,127.4968;36.2739,127.4907;36.2678,127.4899;36.2612,127.4860;36.2546,127.4901;36.2460,127.4894;36.2411,127.4932;36.2357,127.4894;36.2310,127.4844;36.2297,127.4779;36.2235,127.4704;36.2171,127.4678;36.2137,127.4625;36.2089,127.4576;36.2028,127.4563;36.1988,127.4507;36.1948,127.4437;36.1985,127.4367;36.2041,127.4309;36.2060,127.4250;36.2089,127.4156;36.2120,127.4098;36.2206,127.4084;36.2251,127.4031;36.2325,127.3993;36.2334,127.3898;36.2395,127.3904;36.2459,127.3879;36.2525,127.3866;36.2597,127.3901;36.2659,127.3853;36.2715,127.3776;36.2699,127.3712;36.2692,127.3647;36.2645,127.3610;36.2580,127.3609;36.2516,127.3642;36.2436,127.3651;36.2342,127.3619;36.2276,127.3611;36.2217,127.3640;36.2167,127.3598;36.2127,127.3548;36.2080,127.3495;36.2022,127.3469;36.1967,127.3440;36.1889,127.3404;36.1834,127.3355;36.1927,127.3317;36.1998,127.3336;36.2041,127.3281;36.2080,127.3219;36.2142,127.3210;36.2195,127.3164;36.2233,127.3113;36.2273,127.3057;36.2219,127.3026;36.2231,127.2938;36.2298,127.2923;36.2346,127.2863;36.2414,127.2818;36.2485,127.2810;36.2547,127.2816;36.2600,127.2848;36.2632,127.2913;36.2648,127.2854;36.2688,127.2745;36.2724,127.2679;36.2754,127.2623;36.2782,127.2564;36.2857,127.2506;36.2910,127.2467;36.2957,127.2512;36.2956,127.2575;36.3015,127.2605;36.3092,127.2586;36.3176,127.2584;36.3232,127.2608;36.3280,127.2650;36.3346,127.2667;36.3410,127.2686;36.3439,127.2757;36.3500,127.2771;36.3541,127.2724;36.3609,127.2706;36.3641,127.2760;36.3713,127.2794;36.3787,127.2803;36.3867,127.2781;36.3935,127.2789;36.4020,127.2802;36.4090,127.2818;36.4150,127.2834;36.4161,127.2908;36.4209,127.2952;36.4231,127.3019;36.4248,127.3099;36.4216,127.3160;36.4234,127.3220;36.4233,127.3291;36.4276,127.3355;36.4310,127.3410;36.4402,127.3432;36.4458,127.3466;36.4476,127.3526;36.4559,127.3586;36.4633,127.3565;36.4690,127.3600;36.4744,127.3639;36.4826,127.3589;36.4885,127.3602;36.4883,127.3679;36.4918,127.3732;36.4973,127.3788;36.4994,127.3854;36.4949,127.3920;36.4891,127.3989
36.7308,127.1721;36.7288,127.1786;36.7297,127.1846;36.7285,127.1907;36.7273,127.1986;36.7237,127.2037;36.7195,127.2080;36.7171,127.2148;36.7156,127.2212;36.7105,127.2249;36.7078,127.2303;36.7075,127.2364;36.7022,127.2399;36.6960,127.2456;36.6968,127.2522;36.6927,127.2576;36.6922,127.2641;36.6940,127.2700;36.6925,127.2763;36.6905,127.2842;36.6871,127.2921;36.6858,127.2987;36.6820,127.3076;36.6755,127.3062;36.6676,127.3051;36.6622,127.2997;36.6598,127.2929;36.6517,127.2861;36.6451,127.2816;36.6413,127.2765;36.6338,127.2790;36.6347,127.2860;36.6358,127.2920;36.6282,127.2911;36.6244,127.2961;36.6187,127.2983;36.6130,127.3006;36.6057,127.3033;36.6006,127.3066;36.5943,127.3046;36.5888,127.3022;36.5831,127.3051;36.5829,127.3127;36.5837,127.3190;36.5777,127.3255;36.5751,127.3310;36.5711,127.3358;36.5628,127.3370;36.5644,127.3444;36.5629,127.3503;36.5617,127.3563;36.5642,127.3619;36.5665,127.3709;36.5679,127.3771;36.5609,127.3765;36.5542,127.3786;36.5489,127.3817;36.5431,127.3835;36.5404,127.3890;36.5401,127.3951;36.5415,127.4015;36.5366,127.4052;36.5278,127.4080;36.5238,127.4019;36.5176,127.4031;36.5113,127.4065;36.5052,127.4084;36.4983,127.4103;36.4942,127.4054;36.4923,127.3970;36.4986,127.3869;36.4995,127.3803;36.4926,127.3743;36.4896,127.3689;36.4885,127.3602;36.4826,127.3589;36.4770,127.3618;36.4690,127.3600;36.4633,127.3565;36.4567,127.3584;36.4503,127.3558;36.4480,127.3497;36.4444,127.3449;36.4357,127.3403;36.4283,127.3376;36.4255,127.3323;36.4221,127.3263;36.4215,127.3191;36.4241,127.3116;36.4248,127.3050;36.4229,127.2993;36.4162,127.2911;36.4152,127.2849;36.4147,127.2785;36.4158,127.2711;36.4168,127.2634;36.4121,127.2590;36.4068,127.2508;36.4122,127.2466;36.4174,127.2430;36.4187,127.2363;36.4224,127.2308;36.4253,127.2250;36.4308,127.2196;36.4346,127.2142;36.4361,127.2078;36.4384,127.2016;36.4463,127.2018;36.4517,127.1985;36.4561,127.2032;36.4625,127.2041;36.4656,127.1986;36.4701,127.1939;36.4795,127.1905;36.4843,127.1942;36.4926,127.1883;36.4929,127.1813;36.4952,127.1748;36.5024,127.1776;36.5085,127.1705;36.5155,127.1740;36.5189,127.1796;36.5272,127.1778;36.5330,127.1749;36.5392,127.1742;36.5454,127.1787;36.5437,127.1850;36.5460,127.1918;36.5510,127.1873;36.5570,127.1895;36.5635,127.1927;36.5649,127.1992;36.5699,127.2035;36.5753,127.2069;36.5816,127.2036;36.5811,127.1970;36.5864,127.1895;36.5926,127.1910;36.5912,127.1845;36.5969,127.1784;36.6011,127.1679;36.6046,127.1621;36.6060,127.1559;36.6121,127.1550;36.6179,127.1523;36.6239,127.1543;36.6244,127.1604;36.6300,127.1562;36.6358,127.1580;36.6431,127.1538;36.6497,127.1540;36.6561,127.1606;36.6633,127.1563;36.6730,127.1586;36.6785,127.1641;36.6849,127.1623;36.6912,127.1612;36.6957,127.1571;36.6902,127.1522;36.6893,127.1455;36.6969,127.1409;36.7050,127.1361;36.7068,127.1300;36.7133,127.1362;36.7175,127.1451;36.7227,127.1482;36.7279,127.1547;36.7328,127.1596;36.7331,127.1686;36.7308,127.1721
37.0380,126.7427;37.0432,126.7462;37.0490,126.7493;37.0535,126.7542;37.0735,126.7335;37.0839,126.7203;37.0946,126.7064;37.1021,126.6969;37.1058,126.6922;37.1109,126.6856;37.1173,126.6809;37.1173,126.6748;37.1174,126.6825;37.1235,126.6840;37.1291,126.6817;37.1346,126.6782;37.1405,126.6791;37.1424,126.6661;37.1379,126.6603;37.1424,126.6658;37.1430,126.6740;37.1442,126.6806;37.1501,126.6857;37.1523,126.6947;37.1572,126.6912;37.1604,126.6828;37.1585,126.6766;37.1560,126.6697;37.1560,126.6621;37.1542,126.6559;37.1546,126.6498;37.1591,126.6577;37.1677,126.6580;37.1778,126.6557;37.1827,126.6651;37.1881,126.6677;37.1908,126.6600;37.1862,126.6545;37.1911,126.6508;37.1981,126.6546;37.2118,126.6586;37.2185,126.6606;37.2291,126.6594;37.2338,126.6556;37.2392,126.6506;37.2484,126.6473;37.2580,126.6464;37.2630,126.6513;37.2686,126.6539;37.2739,126.6509;37.2797,126.6429;37.2868,126.6330;37.2826,126.6392;37.2784,126.6450;37.2828,126.6546;37.2872,126.6610;37.2927,126.6509;37.2892,126.6341;37.2848,126.6296;37.2894,126.6338;37.2927,126.6476;37.2928,126.6540;37.2926,126.6616;37.2830,126.6617;37.2779,126.6650;37.2805,126.6729;37.2819,126.6803;37.2756,126.6811;37.2726,126.6753;37.2630,126.6758;37.2572,126.6796;37.2592,126.6856;37.2617,126.6914;37.2611,126.6979;37.2580,126.7042;37.2580,126.7103;37.2552,126.7157;37.2559,126.7221;37.2540,126.7293;37.2494,126.7340;37.2534,126.7388;37.2551,126.7453;37.2544,126.7552;37.2489,126.7577;37.2486,126.7641;37.2486,126.7711;37.2402,126.7763;37.2347,126.7796;37.2298,126.7836;37.2360,126.7812;37.2414,126.7780;37.2449,126.7831;37.2441,126.7896;37.2505,126.7892;37.2579,126.7917;37.2647,126.7921;37.2707,126.7963;37.2690,126.8031;37.2668,126.8088;37.2768,126.8041;37.2839,126.8050;37.2937,126.8048;37.2934,126.8112;37.2912,126.8179;37.2868,126.8231;37.2798,126.8264;37.2769,126.8323;37.2732,126.8372;37.2677,126.8414;37.2729,126.8382;37.2778,126.8339;37.2796,126.8281;37.2864,126.8258;37.2909,126.8217;37.2941,126.8163;37.2995,126.8061;37.2956,126.8013;37.2934,126.7894;37.2925,126.7676;37.2991,126.7449;37.3008,126.7327;37.3059,126.7215;37.3085,126.7151;37.3103,126.7070;37.3132,126.7017;37.3187,126.6926;37.3199,126.6863;37.3199,126.6783;37.3250,126.6743;37.3276,126.6662;37.3255,126.6588;37.3233,126.6508;37.3200,126.6389;37.3171,126.6283;37.3145,126.6191;37.3113,126.6109;37.3068,126.6027;37.3018,126.5940;37.2955,126.5831;37.2885,126.5822;37.2902,126.5890;37.2839,126.6013;37.2794,126.6098;37.2826,126.6032;37.2859,126.5969;37.2900,126.5893;37.2852,126.5851;37.2790,126.5962;37.2761,126.6020;37.2725,126.6117;37.2685,126.6171;37.2641,126.6241;37.2689,126.6291;37.2706,126.6359;37.2690,126.6430;37.2620,126.6407;37.2686,126.6430;37.2741,126.6403;37.2798,126.6325;37.2745,126.6402;37.2692,126.6437;37.2631,126.6423;37.2585,126.6379;37.2525,126.6371;37.2461,126.6403;37.2401,126.6434;37.2343,126.6484;37.2285,126.6530;37.2189,126.6551;37.2096,126.6550;37.2003,126.6529;37.1950,126.6497;37.1958,126.6427;37.2024,126.6424;37.2084,126.6469;37.2141,126.6426;37.2182,126.6297;37.2121,126.6280;37.2024,126.6261;37.2085,126.6272;37.2147,126.6285;37.2210,126.6259;37.2266,126.6234;37.2340,126.6233;37.2295,126.6190;37.2330,126.6133;37.2294,126.6081;37.2298,126.6019;37.2311,126.5960;37.2333,126.5884;37.2297,126.5960;37.2240,126.6034;37.2207,126.6097;37.2137,126.6128;37.2119,126.6070;37.2063,126.6021;37.1983,126.5954;37.2031,126.6003;37.2099,126.6039;37.2180,126.6025;37.2143,126.5952;37.2140,126.5892;37.2206,126.5868;37.2208,126.5760;37.2126,126.5741;37.2068,126.5694;37.2008,126.5685;37.1941,126.5630;37.1993,126.5598;37.2032,126.5551;37.2056,126.5495;37.2122,126.5450;37.2151,126.5508;37.2178,126.5571;37.2227,126.5532;37.2237,126.5459;37.2288,126.5408;37.2338,126.5476;37.2334,126.5540;37.2361,126.5598;37.2363,126.5682;37.2420,126.5613;37.2497,126.5614;37.2607,126.5593;37.2668,126.5586;37.2722,126.5533;37.2791,126.5490;37.2810,126.5431;37.2858,126.5391;37.2883,126.5331;37.2849,126.5430;37.2831,126.5499;37.2833,126.5560;37.2766,126.5564;37.2784,126.5647;37.2854,126.5712;37.2895,126.5767;37.2958,126.5742;37.2948,126.5803;37.3055,126.5987;37.3091,126.6050;37.3134,126.6098;37.3151,126.6161;37.3177,126.6275;37.3235,126.6484;37.3256,126.6559;37.3341,126.6863;37.3369,126.6916;37.3410,126.6860;37.3473,126.6879;37.3490,126.6962;37.3509,126.7027;37.3577,126.7034;37.3629,126.7084;37.3678,126.7129;37.3761,126.7207;37.3817,126.7260;37.3866,126.7310;37.3826,126.7420;37.3883,126.7375;37.3953,126.7395;37.3985,126.7447;37.3972,126.7544;37.3974,126.7616;37.3941,126.7698;37.3919,126.7768;37.3916,126.7843;37.3955,126.7895;37.4038,126.7889;37.3964,126.7890;37.3922,126.7846;37.3950,126.7793;37.3951,126.7709;37.3992,126.7641;37.3999,126.7581;37.4006,126.7510;37.4069,126.7512;37.4128,126.7544;37.4189,126.7548;37.4258,126.7587;37.4266,126.7667;37.4334,126.7705;37.4397,126.7701;37.4464,126.7711;37.4508,126.7761;37.4550,126.7804;37.4620,126.7785;37.4683,126.7794;37.4718,126.7740;37.4717,126.7680;37.4760,126.7622;37.4799,126.7561;37.4854,126.7500;37.4869,126.7424;37.4945,126.7418;37.5003,126.7435;37.5062,126.7423;37.5150,126.7456;37.5159,126.7518;37.5158,126.7581;37.5221,126.7606;37.5339,126.7603;37.5421,126.7625;37.5505,126.7653;37.5484,126.7715;37.5467,126.7779;37.5460,126.7839;37.5439,126.7906;37.5374,126.7940;37.5406,126.7993;37.5437,126.8072;37.5407,126.8131;37.5407,126.8193;37.5350,126.8219;37.5300,126.8253;37.5199,126.8255;37.5105,126.8242;37.5022,126.8216;37.4978,126.8165;37.4908,126.8200;37.4817,126.8200;37.4764,126.8153;37.4764,126.8241;37.4773,126.8305;37.4747,126.8361;37.4750,126.8428;37.4803,126.8459;37.4817,126.8521;37.4857,126.8565;37.4897,126.8611;37.4947,126.8676;37.4896,126.8709;37.4881,126.8768;37.4835,126.8728;37.4771,126.8760;37.4718,126.8796;37.4667,126.8840;37.4618,126.8881;37.4552,126.8883;37.4527,126.8940;37.4456,126.8958;37.4404,126.8996;37.4341,126.9030;37.4339,126.9094;37.4391,126.9132;37.4415,126.9207;37.4494,126.9283;37.4433,126.9345;37.4374,126.9377;37.4371,126.9451;37.4388,126.9564;37.4403,126.9629;37.4463,126.9643;37.4491,126.9696;37.4544,126.9746;37.4559,126.9824;37.4582,126.9886;37.4614,126.9943;37.4671,126.9968;37.4677,127.0037;37.4602,127.0070;37.4549,127.0145;37.4562,127.0215;37.4606,127.0282;37.4655,127.0319;37.4602,127.0349;37.4543,127.0363;37.4459,127.0382;37.4406,127.0352;37.4379,127.0409;37.4335,127.0459;37.4288,127.0535;37.4296,127.0598;37.4306,127.0696;37.4364,127.0730;37.4422,127.0745;37.4412,127.0814;37.4446,127.0873;37.4559,127.0935;37.4599,127.1038;37.4616,127.1118;37.4651,127.1219;37.4680,127.1293;37.4746,127.1329;37.4741,127.1395;37.4773,127.1458;37.4834,127.1482;37.4891,127.1574;37.4947,127.1600;37.5011,127.1605;37.5027,127.1532;37.5032,127.1460;37.5083,127.1403;37.5147,127.1421;37.5219,127.1458;37.5291,127.1532;37.5373,127.1560;37.5450,127.1632;37.5454,127.1716;37.5466,127.1793;37.5525,127.1817;37.5588,127.1818;37.5666,127.1795;37.5733,127.1769;37.5793,127.1769;37.5790,127.1703;37.5767,127.1626;37.5730,127.1569;37.5698,127.1512;37.5684,127.1377;37.5669,127.1309;37.5635,127.1230;37.5595,127.1174;37.5583,127.1100;37.5593,127.1022;37.5671,127.1027;37.5738,127.1009;37.5798,127.1029;37.5834,127.1090;37.5919,127.1124;37.5973,127.1157;37.6046,127.1180;37.6112,127.1173;37.6189,127.1162;37.6204,127.1056;37.6273,127.1060;37.6312,127.1114;37.6380,127.1116;37.6447,127.1079;37.6448,127.1016;37.6446,127.0946;37.6506,127.0933;37.6578,127.0916;37.6633,127.0941;37.6697,127.0964;37.6756,127.0940;37.6816,127.0929;37.6872,127.0963;37.6896,127.0906;37.6918,127.0839;37.6960,127.0782;37.6937,127.0709;37.6949,127.0634;37.6897,127.0584;37.6874,127.0522;37.6933,127.0488;37.6952,127.0431;37.6926,127.0368;37.6952,127.0302;37.7009,127.0277;37.7010,127.0198;37.6988,127.0139;37.6934,127.0097;37.6854,127.0084;37.6826,126.9970;37.6777,126.9932;37.6702,126.9938;37.6645,126.9900;37.6595,126.9865;37.6565,126.9812;37.6505,126.9825;37.6437,126.9832;37.6363,126.9842;37.6330,126.9770;37.6307,126.9671;37.6298,126.9601;37.6358,126.9625;37.6421,126.9593;37.6519,126.9575;37.6549,126.9519;37.6592,126.9475;37.6568,126.9403;37.6519,126.9367;37.6481,126.9271;37.6448,126.9137;37.6487,126.9060;37.6443,126.9123;37.6359,126.9112;37.6309,126.9073;37.6239,126.9070;37.6188,126.9037;37.6127,126.9009;37.6062,126.9014;37.6002,126.9010;37.5942,126.9004;37.5887,126.8964;37.5887,126.8876;37.5900,126.8810;37.5846,126.8767;37.5782,126.8763;37.5775,126.8673;37.5752,126.8593;37.5718,126.8536;37.5752,126.8484;37.5796,126.8418;37.5829,126.8367;37.5876,126.8277;37.5911,126.8221;37.5953,126.8175;37.5984,126.8124;37.6050,126.8026;37.6003,126.7981;37.5942,126.7981;37.5882,126.8009;37.5845,126.7934;37.5855,126.7873;37.5843,126.7801;37.5850,126.7730;37.5882,126.7677;37.5850,126.7595;37.5803,126.7557;37.5815,126.7497;37.5925,126.7443;37.5934,126.7379;37.5918,126.7311;37.5933,126.7243;37.5983,126.7182;37.6039,126.7141;37.6042,126.7077;37.6121,126.7054;37.6151,126.7002;37.6203,126.6945;37.6243,126.6853;37.6296,126.6791;37.6338,126.6724;37.6361,126.6661;37.6380,126.6574;37.6351,126.6515;37.6282,126.6474;37.6273,126.6391;37.6205,126.6366;37.6163,126.6323;37.6106,126.6293;37.6051,126.6265;37.6035,126.6198;37.6063,126.6144;37.6017,126.6071;37.5977,126.6014;37.5932,126.5919;37.5995,126.5868;37.6029,126.5813;37.6004,126.5733;37.6039,126.5661;37.6011,126.5598;37.6082,126.5549;37.6150,126.5553;37.6272,126.5509;37.6343,126.5473;37.6383,126.5423;37.6447,126.5372;37.6527,126.5334;37.6590,126.5418;37.6650,126.5405;37.6712,126.5358;37.6729,126.5294;37.6797,126.5312;37.6854,126.5340;37.6940,126.5335;37.7017,126.5320;37.7078,126.5284;37.7111,126.5233;37.7171,126.5217;37.7242,126.5229;37.7318,126.5261;37.7401,126.5295;37.7475,126.5310;37.7556,126.5265;37.7600,126.5208;37.7662,126.5201;37.7771,126.5180;37.7901,126.5228;37.7844,126.5372;37.7786,126.5522;37.7683,126.5676;37.7627,126.5753;37.7612,126.5938;37.7653,126.6048;37.7711,126.6136;37.7759,126.6192;37.7791,126.6255;37.7809,126.6321;37.7809,126.6399;37.7807,126.6527;37.7807,126.6626;37.7896,126.6642;37.8005,126.6662;37.8077,126.6673;37.8185,126.6693;37.8257,126.6707;37.8348,126.6714;37.8379,126.6621;37.8433,126.6650;37.8462,126.6707;37.8442,126.6765;37.8498,126.6800;37.8552,126.6830;37.8600,126.6868;37.8673,126.6914;37.8724,126.6866;37.8706,126.6804;37.8700,126.6729;37.8765,126.6727;37.8784,126.6796;37.8845,126.6801;37.8815,126.6748;37.8868,126.6717;37.8973,126.6771;37.9045,126.6770;37.9118,126.6817;37.9140,126.6743;37.9166,126.6680;37.9230,126.6660;37.9296,126.6679;37.9355,126.6695;37.9415,126.6692;37.9472,126.6713;37.9544,126.6709;37.9552,126.6785;37.9570,126.6863;37.9636,126.6911;37.9678,126.6959;37.9721,126.7016;37.9753,126.7075;37.9693,126.7109;37.9685,126.7170;37.9665,126.7252;37.9685,126.7316;37.9664,126.7376;37.9728,126.7401;37.9763,126.7482;37.9816,126.7539;37.9834,126.7601;37.9825,126.7683;37.9784,126.7728;37.9845,126.7759;37.9817,126.7836;37.9873,126.7890;37.9937,126.7868;37.9990,126.7901;37.9989,126.7965;37.9991,126.8026;37.9994,126.8112;38.0026,126.8168;38.0074,126.8208;38.0152,126.8224;38.0242,126.8260;38.0231,126.8320;38.0296,126.8376;38.0334,126.8470;38.0321,126.8554;38.0381,126.8526;38.0531,126.8525;38.0588,126.8584;38.0649,126.8615;38.0695,126.8668;38.0777,126.8695;38.0819,126.8652;38.0859,126.8603;38.0923,126.8599;38.0997,126.8561;38.1069,126.8610;38.1112,126.8674;38.1131,126.8752;38.1150,126.8812;38.1209,126.8848;38.1288,126.8889;38.1315,126.8960;38.1341,126.9021;38.1377,126.9092;38.1369,126.9165;38.1334,126.9219;38.1277,126.9272;38.1317,126.9323;38.1331,126.9389;38.1349,126.9455;38.1346,126.9560;38.1381,126.9609;38.1385,126.9670;38.1448,126.9694;38.1502,126.9631;38.1556,126.9562;38.1596,126.9494;38.1653,126.9530;38.1661,126.9594;38.1711,126.9656;38.1793,126.9664;38.1866,126.9671;38.1929,126.9665;38.1990,126.9665;38.1990,126.9729;38.2046,126.9757;38.2092,126.9817;38.2173,126.9802;38.2270,126.9815;38.2262,126.9878;38.2257,126.9976;38.2214,127.0045;38.2261,127.0088;38.2345,127.0124;38.2380,127.0175;38.2416,127.0235;38.2453,127.0289;38.2498,127.0366;38.2553,127.0393;38.2596,127.0469;38.2588,127.0532;38.2622,127.0585;38.2637,127.0662;38.2681,127.0713;38.2720,127.0761;38.2780,127.0758;38.2802,127.0830;38.2802,127.0921;38.2810,127.1003;38.2750,127.1008;38.2720,127.1063;38.2658,127.1093;38.2583,127.1081;38.2519,127.1106;38.2449,127.1100;38.2381,127.1123;38.2358,127.1185;38.2334,127.1248;38.2328,127.1312;38.2372,127.1394;38.2393,127.1463;38.2419,127.1532;38.2392,127.1587;38.2340,127.1621;38.2263,127.1601;38.2202,127.1606;38.2157,127.1647;38.2135,127.1712;38.2078,127.1737;38.2017,127.1735;38.1923,127.1747;38.1877,127.1789;38.1878,127.1883;38.1811,127.1890;38.1739,127.1859;38.1641,127.1887;38.1579,127.1943;38.1535,127.2028;38.1481,127.2072;38.1396,127.2185;38.1417,127.2244;38.1479,127.2247;38.1473,127.2315;38.1512,127.2378;38.1571,127.2404;38.1604,127.2478;38.1627,127.2548;38.1693,127.2587;38.1716,127.2644;38.1776,127.2648;38.1819,127.2701;38.1824,127.2763;38.1829,127.2831;38.1769,127.2883;38.1767,127.2967;38.1718,127.2927;38.1675,127.2883;38.1614,127.2870;38.1552,127.2852;38.1468,127.2843;38.1425,127.2797;38.1381,127.2754;38.1288,127.2768;38.1238,127.2817;38.1161,127.2846;38.1147,127.2914;38.1160,127.2973;38.1157,127.3049;38.1159,127.3114;38.1079,127.3124;38.1026,127.3160;38.0947,127.3207;38.0944,127.3287;38.0903,127.3360;38.0964,127.3383;38.1018,127.3410;38.1042,127.3465;38.1042,127.3534;38.1072,127.3643;38.1102,127.3714;38.1171,127.3764;38.1151,127.3838;38.1139,127.3962;38.1132,127.4028;38.1030,127.4055;38.1020,127.4134;38.1061,127.4204;38.1111,127.4254;38.1154,127.4305;38.1106,127.4343;38.1088,127.4405;38.1019,127.4423;38.0927,127.4459;38.0856,127.4464;38.0791,127.4469;38.0731,127.4459;38.0640,127.4461;38.0573,127.4446;38.0512,127.4462;38.0481,127.4524;38.0416,127.4518;38.0354,127.4520;38.0292,127.4554;38.0185,127.4569;38.0129,127.4615;38.0095,127.4679;38.0063,127.4770;38.0054,127.4830;38.0050,127.4897;38.0037,127.4974;37.9980,127.5039;38.0013,127.5089;38.0014,127.5261;38.0007,127.5369;37.9912,127.5436;37.9852,127.5454;37.9783,127.5472;37.9727,127.5443;37.9665,127.5474;37.9655,127.5534;37.9629,127.5598;37.9637,127.5681;37.9637,127.5744;37.9613,127.5801;37.9603,127.5883;37.9572,127.5948;37.9550,127.6024;37.9481,127.6018;37.9439,127.6061;37.9406,127.6121;37.9346,127.6143;37.9283,127.6166;37.9241,127.6120;37.9119,127.6166;37.9038,127.6156;37.8982,127.6120;37.8908,127.6081;37.8835,127.6091;37.8778,127.6063;37.8744,127.6006;37.8760,127.5942;37.8759,127.5866;37.8740,127.5779;37.8682,127.5698;37.8616,127.5663;37.8564,127.5600;37.8519,127.5501;37.8468,127.5458;37.8450,127.5370;37.8397,127.5294;37.8329,127.5256;37.8250,127.5246;37.8203,127.5320;37.8141,127.5366;37.8069,127.5331;37.7998,127.5268;37.7925,127.5208;37.7853,127.5257;37.7817,127.5306;37.7745,127.5376;37.7672,127.5431;37.7601,127.5449;37.7547,127.5421;37.7486,127.5341;37.7456,127.5284;37.7428,127.5227;37.7403,127.5169;37.7364,127.5112;37.7314,127.5071;37.7242,127.5061;37.7157,127.5118;37.7240,127.5215;37.7269,127.5272;37.7219,127.5339;37.7195,127.5402;37.7239,127.5493;37.7288,127.5537;37.7286,127.5599;37.7222,127.5613;37.7157,127.5591;37.7073,127.5582;37.7001,127.5553;37.6908,127.5517;37.6846,127.5508;37.6772,127.5508;37.6686,127.5490;37.6618,127.5527;37.6579,127.5462;37.6517,127.5439;37.6507,127.5377;37.6450,127.5357;37.6403,127.5406;37.6374,127.5472;37.6319,127.5516;37.6285,127.5594;37.6332,127.5647;37.6320,127.5714;37.6328,127.5787;37.6374,127.5833;37.6429,127.5860;37.6455,127.5960;37.6494,127.6013;37.6499,127.6090;37.6467,127.6150;37.6421,127.6220;37.6392,127.6318;37.6334,127.6385;37.6330,127.6461;37.6247,127.6495;37.6223,127.6552;37.6241,127.6611;37.6196,127.6652;37.6152,127.6714;37.6116,127.6768;37.6082,127.6834;37.6044,127.6882;37.6010,127.6936;37.5970,127.6994;37.5909,127.6982;37.5884,127.7051;37.5875,127.7116;37.5893,127.7188;37.5899,127.7252;37.5885,127.7329;37.5876,127.7389;37.5886,127.7459;37.5918,127.7531;37.5874,127.7576;37.5859,127.7646;37.5820,127.7701;37.5801,127.7779;37.5781,127.7844;37.5806,127.7901;37.5853,127.7941;37.5828,127.8000;37.5779,127.8043;37.5738,127.8091;37.5660,127.8142;37.5628,127.8206;37.5606,127.8270;37.5604,127.8364;37.5548,127.8431;37.5503,127.8481;37.5446,127.8459;37.5396,127.8425;37.5387,127.8350;37.5371,127.8289;37.5385,127.8225;37.5374,127.8149;37.5349,127.8062;37.5295,127.8031;37.5286,127.7967;37.5225,127.7945;37.5189,127.7895;37.5133,127.7855;37.5107,127.7787;37.5059,127.7736;37.5028,127.7654;37.5004,127.7599;37.4929,127.7600;37.4929,127.7663;37.4917,127.7747;37.4886,127.7799;37.4821,127.7819;37.4758,127.7884;37.4731,127.7937;37.4724,127.7998;37.4656,127.7994;37.4598,127.7966;37.4536,127.7988;37.4458,127.7994;37.4393,127.7994;37.4343,127.8034;37.4273,127.8023;37.4250,127.7950;37.4184,127.7922;37.4091,127.7902;37.4029,127.7875;37.3924,127.7822;37.3864,127.7798;37.3799,127.7759;37.3708,127.7789;37.3697,127.7705;37.3699,127.7641;37.3636,127.7612;37.3563,127.7598;37.3464,127.7579;37.3408,127.7607;37.3351,127.7625;37.3286,127.7604;37.3225,127.7629;37.3153,127.7649;37.3095,127.7681;37.3029,127.7677;37.3012,127.7593;37.2977,127.7523;37.2920,127.7500;37.2877,127.7544;37.2802,127.7566;37.2733,127.7604;37.2653,127.7599;37.2589,127.7572;37.2526,127.7527;37.2472,127.7494;37.2400,127.7469;37.2288,127.7471;37.2219,127.7492;37.2145,127.7464;37.2120,127.7405;37.2081,127.7353;37.2020,127.7335;37.1958,127.7325;37.1886,127.7280;37.1825,127.7264;37.1835,127.7200;37.1768,127.7123;37.1709,127.7087;37.1665,127.7046;37.1576,127.7043;37.1526,127.6985;37.1456,127.6941;37.1391,127.6937;37.1355,127.6886;37.1363,127.6747;37.1393,127.6652;37.1423,127.6569;37.1507,127.6476;37.1524,127.6397;37.1536,127.6329;37.1452,127.6336;37.1408,127.6378;37.1349,127.6364;37.1273,127.6350;37.1202,127.6331;37.1147,127.6361;37.1073,127.6341;37.0998,127.6345;37.0933,127.6251;37.0902,127.6194;37.0880,127.6138;37.0864,127.6073;37.0883,127.5958;37.0835,127.6001;37.0762,127.6049;37.0688,127.6047;37.0731,127.5977;37.0731,127.5916;37.0755,127.5830;37.0736,127.5760;37.0674,127.5706;37.0622,127.5659;37.0564,127.5675;37.0502,127.5680;37.0441,127.5622;37.0412,127.5568;37.0452,127.5521;37.0498,127.5424;37.0520,127.5348;37.0555,127.5294;37.0555,127.5230;37.0580,127.5165;37.0529,127.5100;37.0481,127.5047;37.0481,127.4967;37.0516,127.4912;37.0549,127.4858;37.0530,127.4753;37.0535,127.4690;37.0488,127.4652;37.0436,127.4576;37.0356,127.4596;37.0300,127.4569;37.0239,127.4595;37.0212,127.4537;37.0165,127.4483;37.0119,127.4414;37.0078,127.4369;37.0022,127.4288;37.0038,127.4218;37.0000,127.4150;36.9990,127.4085;36.9984,127.3973;36.9948,127.3919;36.9882,127.3886;36.9829,127.3852;36.9779,127.3929;36.9721,127.3976;36.9649,127.3980;36.9656,127.3919;36.9615,127.3858;36.9587,127.3796;36.9521,127.3782;36.9490,127.3731;36.9495,127.3618;36.9506,127.3558;36.9528,127.3496;36.9463,127.3424;36.9417,127.3365;36.9380,127.3308;36.9359,127.3242;36.9347,127.3162;36.9301,127.3106;36.9294,127.3002;36.9227,127.2984;36.9175,127.3023;36.9099,127.3000;36.9040,127.2974;36.8991,127.2924;36.8939,127.2890;36.8966,127.2831;36.9020,127.2798;36.9081,127.2753;36.9133,127.2708;36.9147,127.2616;36.9184,127.2562;36.9215,127.2496;36.9176,127.2440;36.9206,127.2377;36.9244,127.2286;36.9302,127.2209;36.9302,127.2116;36.9365,127.2115;36.9429,127.2063;36.9498,127.2043;36.9523,127.1977;36.9525,127.1908;36.9558,127.1835;36.9598,127.1790;36.9632,127.1723;36.9617,127.1655;36.9639,127.1589;36.9700,127.1562;36.9695,127.1489;36.9686,127.1373;36.9664,127.1297;36.9684,127.1238;36.9710,127.1179;36.9713,127.1115;36.9660,127.1066;36.9601,127.0972;36.9545,127.1004;36.9480,127.0970;36.9422,127.0950;36.9457,127.0898;36.9425,127.0783;36.9422,127.0679;36.9384,127.0595;36.9353,127.0529;36.9327,127.0418;36.9295,127.0341;36.9287,127.0262;36.9317,127.0210;36.9354,127.0156;36.9357,127.0076;36.9336,127.0008;36.9350,126.9942;36.9325,126.9856;36.9282,126.9798;36.9259,126.9737;36.9238,126.9652;36.9212,126.9564;36.9173,126.9396;36.9134,126.9316;36.9062,126.9167;36.9017,126.9103;36.9080,126.9082;36.9150,126.9054;36.9208,126.9031;36.9280,126.9010;36.9332,126.8930;36.9363,126.8871;36.9353,126.8807;36.9342,126.8734;36.9333,126.8674;36.9411,126.8650;36.9488,126.8626;36.9483,126.8539;36.9430,126.8598;36.9483,126.8538;36.9526,126.8453;36.9610,126.8398;36.9694,126.8340;36.9755,126.8296;36.9817,126.8253;36.9873,126.8130;36.9855,126.8205;36.9913,126.8234;36.9941,126.8148;36.9887,126.8088;36.9955,126.8092;36.9971,126.7979;36.9945,126.7905;37.0000,126.7858;37.0072,126.7789;37.0128,126.7869;37.0141,126.7976;37.0210,126.7955;37.0296,126.7896;37.0298,126.7777;37.0296,126.7692;37.0296,126.7523;37.0350,126.7488;37.0380,126.7427
38.0238,128.7254;38.0213,128.7310;38.0154,128.7339;38.0116,128.7293;38.0044,128.7331;37.9994,128.7381;37.9944,128.7423;37.9899,128.7488;37.9832,128.7552;37.9828,128.7612;37.9767,128.7599;37.9723,128.7644;37.9663,128.7632;37.9621,128.7674;37.9564,128.7708;37.9518,128.7761;37.9473,128.7819;37.9451,128.7883;37.9381,128.7877;37.9324,128.7915;37.9275,128.7967;37.9229,128.8027;37.9185,128.8088;37.9150,128.8136;37.9120,128.8188;37.9075,128.8246;37.9041,128.8317;37.8981,128.8346;37.8916,128.8327;37.8860,128.8350;37.8915,128.8324;37.8849,128.8299;37.8800,128.8337;37.8755,128.8380;37.8714,128.8425;37.8646,128.8487;37.8595,128.8538;37.8552,128.8589;37.8512,128.8639;37.8467,128.8697;37.8420,128.8752;37.8366,128.8788;37.8300,128.8788;37.8244,128.8848;37.8207,128.8895;37.8106,128.9016;37.8035,128.9106;37.7993,128.9152;37.7950,128.9195;37.7904,128.9250;37.7856,128.9312;37.7814,128.9365;37.7772,128.9421;37.7726,128.9483;37.7732,128.9543;37.7674,128.9514;37.7633,128.9565;37.7561,128.9657;37.7523,128.9704;37.7484,128.9757;37.7433,128.9826;37.7400,128.9888;37.7325,128.9910;37.7256,128.9959;37.7219,129.0011;37.7139,129.0097;37.7088,129.0131;37.7041,129.0175;37.6976,129.0257;37.6940,129.0306;37.6902,129.0354;37.6865,129.0404;37.6840,129.0459;37.6790,129.0508;37.6744,129.0549;37.6681,129.0558;37.6605,129.0566;37.6535,129.0543;37.6507,129.0482;37.6432,129.0443;37.6367,129.0453;37.6303,129.0491;37.6262,129.0551;37.6233,129.0638;37.6258,129.0576;37.6182,129.0602;37.6129,129.0649;37.6080,129.0707;37.6033,129.0770;37.5998,129.0820;37.5940,129.0912;37.5874,129.1017;37.5820,129.1094;37.5789,129.1150;37.5724,129.1167;37.5652,129.1199;37.5584,129.1213;37.5522,129.1191;37.5456,129.1179;37.5396,129.1206;37.5451,129.1172;37.5517,129.1171;37.5444,129.1125;37.5380,129.1154;37.5323,129.1181;37.5274,129.1232;37.5212,129.1222;37.5164,129.1259;37.5060,129.1341;37.5012,129.1417;37.4976,129.1490;37.5012,129.1411;37.5041,129.1356;37.4984,129.1335;37.4929,129.1289;37.4918,129.1353;37.4950,129.1419;37.4916,129.1472;37.4863,129.1529;37.4820,129.1573;37.4765,129.1598;37.4720,129.1655;37.4664,129.1724;37.4636,129.1793;37.4586,129.1834;37.4521,129.1896;37.4458,129.1895;37.4406,129.1937;37.4347,129.1948;37.4387,129.1901;37.4323,129.1902;37.4272,129.1934;37.4204,129.1960;37.4112,129.2021;37.4051,129.2094;37.4013,129.2145;37.3977,129.2198;37.3919,129.2297;37.3885,129.2368;37.3839,129.2455;37.3804,129.2512;37.3798,129.2573;37.3764,129.2523;37.3699,129.2518;37.3633,129.2508;37.3570,129.2560;37.3497,129.2606;37.3443,129.2645;37.3366,129.2665;37.3294,129.2693;37.3233,129.2693;37.3181,129.2748;37.3144,129.2803;37.3110,129.2857;37.3099,129.2944;37.3069,129.3003;37.3000,129.3022;37.2931,129.3003;37.2899,129.3055;37.2864,129.3104;37.2868,129.3171;37.2818,129.3213;37.2799,129.3270;37.2730,129.3285;37.2655,129.3272;37.2578,129.3349;37.2547,129.3408;37.2488,129.3419;37.2481,129.3480;37.2412,129.3493;37.2368,129.3546;37.2311,129.3494;37.2296,129.3434;37.2238,129.3410;37.2173,129.3444;37.2121,129.3475;37.2037,129.3457;37.1959,129.3428;37.1899,129.3457;37.1825,129.3471;37.1757,129.3458;37.1718,129.3512;37.1664,129.3559;37.1598,129.3561;37.1539,129.3595;37.1487,129.3626;37.1448,129.3566;37.1464,129.3478;37.1446,129.3410;37.1407,129.3332;37.1422,129.3271;37.1336,129.3190;37.1316,129.3131;37.1277,129.3062;37.1249,129.3006;37.1203,129.2952;37.1143,129.2926;37.1164,129.2863;37.1180,129.2763;37.1118,129.2704;37.1032,129.2669;37.1010,129.2591;37.0968,129.2532;37.0932,129.2462;37.0850,129.2405;37.0770,129.2313;37.0737,129.2254;37.0689,129.2309;37.0604,129.2317;37.0547,129.2295;37.0497,129.2329;37.0416,129.2368;37.0425,129.2303;37.0444,129.2211;37.0439,129.2151;37.0439,129.2081;37.0425,129.1986;37.0406,129.1914;37.0417,129.1854;37.0489,129.1837;37.0556,129.1783;37.0592,129.1723;37.0653,129.1668;37.0688,129.1618;37.0717,129.1548;37.0754,129.1486;37.0803,129.1422;37.0818,129.1336;37.0844,129.1272;37.0913,129.1229;37.0926,129.1161;37.0935,129.1078;37.0985,129.1030;37.1000,129.0968;37.0972,129.0913;37.0958,129.0850;37.0930,129.0789;37.0882,129.0704;37.0820,129.0688;37.0745,129.0674;37.0684,129.0639;37.0651,129.0574;37.0702,129.0534;37.0704,129.0472;37.0724,129.0404;37.0756,129.0344;37.0783,129.0243;37.0795,129.0152;37.0788,129.0091;37.0809,128.9994;37.0826,128.9912;37.0847,128.9842;37.0816,128.9776;37.0811,128.9710;37.0776,128.9593;37.0813,128.9533;37.0887,128.9502;37.0938,128.9457;37.0928,128.9378;37.0909,128.9321;37.0918,128.9245;37.0875,128.9188;37.0810,128.9170;37.0731,128.9132;37.0661,128.9104;37.0629,128.9051;37.0587,128.8993;37.0506,128.8970;37.0445,128.8964;37.0494,128.8893;37.0533,128.8785;37.0461,128.8768;37.0450,128.8703;37.0487,128.8637;37.0496,128.8553;37.0510,128.8489;37.0546,128.8439;37.0617,128.8400;37.0673,128.8330;37.0741,128.8313;37.0788,128.8263;37.0770,128.8194;37.0787,128.8126;37.0769,128.8061;37.0790,128.8000;37.0856,128.8011;37.0875,128.7919;37.0879,128.7858;37.0923,128.7813;37.0883,128.7758;37.0797,128.7778;37.0765,128.7721;37.0716,128.7686;37.0657,128.7669;37.0668,128.7602;37.0597,128.7546;37.0537,128.7530;37.0476,128.7573;37.0418,128.7622;37.0356,128.7598;37.0320,128.7546;37.0296,128.7483;37.0367,128.7406;37.0402,128.7346;37.0419,128.7266;37.0434,128.7201;37.0427,128.7128;37.0401,128.7063;37.0442,128.6968;37.0525,128.6898;37.0531,128.6829;37.0581,128.6769;37.0594,128.6693;37.0610,128.6619;37.0645,128.6560;37.0677,128.6482;37.0708,128.6427;37.0720,128.6363;37.0741,128.6298;37.0805,128.6277;37.0858,128.6239;37.0842,128.6175;37.0807,128.6120;37.0768,128.6070;37.0789,128.6010;37.0815,128.5950;37.0801,128.5866;37.0816,128.5797;37.0838,128.5722;37.0882,128.5674;37.0902,128.5617;37.0866,128.5538;37.0877,128.5453;37.0896,128.5381;37.0959,128.5347;37.1008,128.5295;37.1023,128.5236;37.1025,128.5174;37.1071,128.5133;37.1130,128.5108;37.1180,128.5039;37.1237,128.4983;37.1239,128.4911;37.1189,128.4863;37.1142,128.4818;37.1098,128.4723;37.1105,128.4622;37.1110,128.4562;37.1120,128.4502;37.1075,128.4453;37.1111,128.4377;37.1068,128.4306;37.1025,128.4250;37.1102,128.4222;37.1163,128.4199;37.1204,128.4150;37.1235,128.4096;37.1275,128.4029;37.1284,128.3966;37.1333,128.4008;37.1396,128.4037;37.1455,128.4010;37.1514,128.3935;37.1570,128.3859;37.1534,128.3784;37.1544,128.3684;37.1527,128.3622;37.1533,128.3560;37.1574,128.3515;37.1561,128.3452;37.1581,128.3385;37.1531,128.3338;37.1529,128.3275;37.1489,128.3217;37.1458,128.3111;37.1408,128.3075;37.1353,128.3007;37.1393,128.2927;37.1424,128.2853;37.1442,128.2776;37.1489,128.2723;37.1549,128.2693;37.1604,128.2644;37.1649,128.2700;37.1711,128.2759;37.1724,128.2822;37.1701,128.2897;37.1716,128.2959;37.1785,128.2961;37.1845,128.3007;37.1860,128.3077;37.1911,128.3130;37.1967,128.3154;37.1955,128.3218;37.1983,128.3273;37.2047,128.3287;37.2117,128.3305;37.2168,128.3271;37.2194,128.3210;37.2230,128.3151;37.2193,128.3101;37.2169,128.3014;37.2156,128.2947;37.2151,128.2882;37.2107,128.2840;37.2099,128.2775;37.2088,128.2710;37.2112,128.2654;37.2164,128.2598;37.2224,128.2571;37.2280,128.2526;37.2276,128.2461;37.2290,128.2391;37.2270,128.2330;37.2306,128.2281;37.2349,128.2231;37.2403,128.2203;37.2424,128.2146;37.2479,128.2082;37.2490,128.2012;37.2457,128.1958;37.2430,128.1902;37.2389,128.1850;37.2355,128.1782;37.2315,128.1737;37.2253,128.1728;37.2191,128.1731;37.2152,128.1670;37.2163,128.1580;37.2193,128.1516;37.2218,128.1456;37.2273,128.1423;37.2298,128.1355;37.2337,128.1296;37.2293,128.1215;37.2228,128.1184;37.2171,128.1150;37.2108,128.1122;37.2057,128.1088;37.2026,128.1024;37.1999,128.0951;37.1994,128.0883;37.1947,128.0795;37.1936,128.0731;37.1934,128.0647;37.1909,128.0518;37.1902,128.0457;37.1891,128.0387;37.1931,128.0326;37.1993,128.0316;37.2070,128.0305;37.2121,128.0359;37.2186,128.0361;37.2238,128.0312;37.2256,128.0242;37.2366,128.0199;37.2429,128.0194;37.2470,128.0139;37.2521,128.0080;37.2545,127.9997;37.2555,127.9903;37.2577,127.9847;37.2564,127.9719;37.2529,127.9663;37.2501,127.9595;37.2479,127.9527;37.2442,127.9474;37.2404,127.9425;37.2380,127.9356;37.2316,127.9266;37.2267,127.9228;37.2202,127.9271;37.2117,127.9296;37.2060,127.9326;37.1961,127.9320;37.1904,127.9345;37.1824,127.9326;37.1758,127.9336;37.1709,127.9290;37.1645,127.9246;37.1677,127.9172;37.1675,127.9110;37.1627,127.9065;37.1559,127.9032;37.1505,127.8999;37.1552,127.8960;37.1597,127.8886;37.1622,127.8802;37.1638,127.8743;37.1624,127.8642;37.1567,127.8618;37.1566,127.8558;37.1542,127.8501;37.1516,127.8374;37.1523,127.8283;37.1494,127.8207;37.1467,127.8153;37.1472,127.8081;37.1444,127.8021;37.1453,127.7929;37.1460,127.7857;37.1496,127.7793;37.1539,127.7731;37.1591,127.7655;37.1672,127.7589;37.1726,127.7553;37.1794,127.7527;37.1859,127.7501;37.1968,127.7489;37.2033,127.7458;37.2095,127.7441;37.2174,127.7484;37.2240,127.7486;37.2400,127.7469;37.2472,127.7494;37.2526,127.7527;37.2578,127.7570;37.2645,127.7595;37.2729,127.7605;37.2788,127.7577;37.2850,127.7555;37.2910,127.7508;37.2972,127.7499;37.2989,127.7567;37.3022,127.7621;37.3067,127.7683;37.3153,127.7649;37.3211,127.7621;37.3286,127.7604;37.3343,127.7627;37.3408,127.7607;37.3464,127.7579;37.3526,127.7608;37.3597,127.7594;37.3671,127.7596;37.3695,127.7671;37.3708,127.7789;37.3771,127.7769;37.3833,127.7767;37.3871,127.7827;37.3997,127.7863;37.4063,127.7887;37.4142,127.7918;37.4225,127.7936;37.4273,127.7990;37.4320,127.8039;37.4384,127.8009;37.4450,127.7988;37.4518,127.7994;37.4598,127.7966;37.4656,127.7994;37.4724,127.7998;37.4731,127.7937;37.4758,127.7884;37.4817,127.7822;37.4881,127.7806;37.4911,127.7748;37.4929,127.7663;37.4929,127.7600;37.5004,127.7599;37.5028,127.7654;37.5052,127.7718;37.5096,127.7783;37.5133,127.7855;37.5186,127.7888;37.5225,127.7945;37.5286,127.7963;37.5293,127.8023;37.5349,127.8062;37.5379,127.8127;37.5376,127.8189;37.5379,127.8254;37.5389,127.8330;37.5388,127.8416;37.5435,127.8454;37.5495,127.8476;37.5548,127.8431;37.5604,127.8364;37.5613,127.8280;37.5628,127.8206;37.5641,127.8143;37.5734,127.8096;37.5779,127.8043;37.5828,127.8000;37.5853,127.7941;37.5806,127.7901;37.5781,127.7844;37.5801,127.7779;37.5819,127.7715;37.5845,127.7655;37.5870,127.7599;37.5915,127.7550;37.5905,127.7487;37.5877,127.7430;37.5883,127.7343;37.5899,127.7252;37.5893,127.7188;37.5875,127.7116;37.5884,127.7051;37.5909,127.6982;37.5970,127.7000;37.6010,127.6936;37.6044,127.6882;37.6082,127.6834;37.6116,127.6768;37.6152,127.6714;37.6192,127.6655;37.6243,127.6622;37.6224,127.6565;37.6236,127.6505;37.6293,127.6473;37.6325,127.6420;37.6392,127.6318;37.6430,127.6268;37.6441,127.6188;37.6460,127.6128;37.6508,127.6062;37.6479,127.6003;37.6436,127.5915;37.6423,127.5849;37.6363,127.5835;37.6320,127.5714;37.6332,127.5647;37.6285,127.5594;37.6319,127.5516;37.6374,127.5472;37.6403,127.5406;37.6450,127.5357;37.6508,127.5372;37.6517,127.5439;37.6579,127.5462;37.6615,127.5528;37.6668,127.5496;37.6749,127.5495;37.6824,127.5511;37.6902,127.5515;37.7001,127.5553;37.7073,127.5582;37.7139,127.5580;37.7192,127.5617;37.7249,127.5593;37.7288,127.5537;37.7239,127.5493;37.7199,127.5425;37.7219,127.5339;37.7264,127.5296;37.7240,127.5215;37.7176,127.5134;37.7206,127.5071;37.7278,127.5065;37.7364,127.5112;37.7403,127.5169;37.7428,127.5226;37.7456,127.5284;37.7486,127.5341;37.7547,127.5421;37.7601,127.5449;37.7672,127.5431;37.7745,127.5376;37.7817,127.5306;37.7853,127.5257;37.7925,127.5208;37.7994,127.5263;37.8069,127.5331;37.8141,127.5366;37.8203,127.5320;37.8229,127.5256;37.8297,127.5248;37.8365,127.5273;37.8422,127.5324;37.8466,127.5405;37.8465,127.5497;37.8556,127.5561;37.8564,127.5633;37.8643,127.5674;37.8709,127.5740;37.8762,127.5852;37.8759,127.5920;37.8748,127.5982;37.8765,127.6058;37.8822,127.6088;37.8897,127.6074;37.8954,127.6107;37.9013,127.6145;37.9098,127.6169;37.9196,127.6139;37.9257,127.6136;37.9346,127.6143;37.9406,127.6121;37.9437,127.6066;37.9481,127.6018;37.9550,127.6024;37.9571,127.5964;37.9603,127.5883;37.9617,127.5817;37.9637,127.5744;37.9637,127.5681;37.9628,127.5619;37.9648,127.5555;37.9664,127.5484;37.9727,127.5443;37.9783,127.5472;37.9852,127.5454;37.9912,127.5436;37.9999,127.5404;38.0024,127.5311;38.0002,127.5124;37.9980,127.5039;38.0013,127.4981;38.0048,127.4913;38.0054,127.4830;38.0063,127.4770;38.0079,127.4706;38.0117,127.4630;38.0170,127.4575;38.0252,127.4552;38.0338,127.4527;38.0416,127.4518;38.0481,127.4524;38.0512,127.4462;38.0573,127.4446;38.0640,127.4461;38.0712,127.4467;38.0776,127.4464;38.0846,127.4467;38.0914,127.4455;38.0975,127.4452;38.1035,127.4416;38.1097,127.4395;38.1110,127.4335;38.1130,127.4274;38.1068,127.4226;38.1036,127.4166;38.1030,127.4055;38.1100,127.4033;38.1139,127.3962;38.1149,127.3877;38.1171,127.3813;38.1146,127.3734;38.1092,127.3700;38.1060,127.3563;38.1048,127.3481;38.1018,127.3410;38.0964,127.3383;38.0901,127.3376;38.0930,127.3308;38.0949,127.3234;38.0984,127.3168;38.1052,127.3144;38.1138,127.3115;38.1186,127.3074;38.1152,127.3020;38.1152,127.2948;38.1146,127.2863;38.1203,127.2820;38.1244,127.2762;38.1323,127.2764;38.1389,127.2759;38.1430,127.2807;38.1509,127.2858;38.1574,127.2840;38.1646,127.2886;38.1718,127.2927;38.1752,127.2980;38.1769,127.2907;38.1803,127.2855;38.1825,127.2772;38.1820,127.2712;38.1792,127.2651;38.1717,127.2645;38.1695,127.2588;38.1641,127.2563;38.1604,127.2479;38.1572,127.2407;38.1512,127.2378;38.1469,127.2331;38.1484,127.2263;38.1422,127.2243;38.1396,127.2185;38.1467,127.2096;38.1518,127.2037;38.1562,127.1979;38.1597,127.1908;38.1686,127.1875;38.1762,127.1864;38.1862,127.1892;38.1858,127.1819;38.1909,127.1759;38.1971,127.1704;38.2032,127.1742;38.2097,127.1721;38.2154,127.1664;38.2183,127.1610;38.2245,127.1611;38.2324,127.1629;38.2385,127.1633;38.2403,127.1539;38.2417,127.1473;38.2374,127.1421;38.2365,127.1357;38.2328,127.1306;38.2328,127.1230;38.2370,127.1168;38.2418,127.1099;38.2519,127.1106;38.2583,127.1081;38.2658,127.1093;38.2718,127.1088;38.2730,127.1026;38.2787,127.1044;38.2811,127.0979;38.2871,127.1024;38.2957,127.1111;38.2989,127.1199;38.2988,127.1260;38.3085,127.1309;38.3159,127.1392;38.3108,127.1469;38.3050,127.1517;38.3057,127.1604;38.3079,127.1667;38.3101,127.1760;38.3125,127.1860;38.3142,127.1932;38.3172,127.2004;38.3195,127.2098;38.3212,127.2173;38.3267,127.2226;38.3303,127.2285;38.3301,127.2348;38.3331,127.2424;38.3282,127.2486;38.3266,127.2577;38.3267,127.2688;38.3254,127.2789;38.3265,127.2855;38.3225,127.2916;38.3165,127.2974;38.3143,127.3030;38.3172,127.3094;38.3195,127.3209;38.3183,127.3272;38.3238,127.3371;38.3274,127.3448;38.3276,127.3553;38.3247,127.3606;38.3280,127.3665;38.3314,127.3725;38.3356,127.3786;38.3350,127.3869;38.3322,127.3956;38.3336,127.4018;38.3320,127.4094;38.3284,127.4143;38.3281,127.4228;38.3216,127.4321;38.3185,127.4422;38.3167,127.4481;38.3182,127.4539;38.3244,127.4507;38.3268,127.4570;38.3218,127.4620;38.3170,127.4657;38.3167,127.4741;38.3104,127.4795;38.3066,127.4853;38.3035,127.4920;38.2998,127.4970;38.3008,127.5045;38.3027,127.5114;38.3069,127.5169;38.3087,127.5229;38.3118,127.5283;38.3159,127.5327;38.3207,127.5435;38.3254,127.5479;38.3275,127.5549;38.3289,127.5609;38.3309,127.5672;38.3335,127.5730;38.3359,127.5801;38.3365,127.5870;38.3359,127.5943;38.3363,127.6006;38.3367,127.6090;38.3339,127.6151;38.3279,127.6168;38.3249,127.6224;38.3255,127.6298;38.3255,127.6529;38.3238,127.6590;38.3252,127.6668;38.3244,127.6769;38.3240,127.6840;38.3251,127.6902;38.3298,127.6942;38.3350,127.6978;38.3356,127.7040;38.3343,127.7140;38.3350,127.7286;38.3385,127.7338;38.3427,127.7452;38.3368,127.7469;38.3338,127.7524;38.3371,127.7584;38.3362,127.7657;38.3373,127.7721;38.3425,127.7761;38.3477,127.7793;38.3469,127.7854;38.3405,127.7882;38.3345,127.7905;38.3231,127.7973;38.3169,127.8056;38.3123,127.8131;38.3078,127.8191;38.3042,127.8246;38.3051,127.8311;38.3077,127.8395;38.3128,127.8470;38.3129,127.8549;38.3131,127.8621;38.3169,127.8749;38.3122,127.8795;38.3090,127.8876;38.3118,127.8934;38.3116,127.9004;38.3110,127.9076;38.3108,127.9141;38.3097,127.9210;38.3080,127.9283;38.3059,127.9351;38.3064,127.9422;38.3044,127.9487;38.3012,127.9547;38.2980,127.9607;38.2935,127.9651;38.2899,127.9722;38.2855,127.9769;38.2810,127.9819;38.2739,127.9855;38.2787,127.9918;38.2780,128.0000;38.2778,128.0062;38.2839,128.0106;38.2899,128.0160;38.2960,128.0136;38.3048,128.0178;38.3122,128.0181;38.3151,128.0306;38.3106,128.0375;38.3107,128.0447;38.3080,128.0576;38.3092,128.0638;38.3118,128.0759;38.3157,128.0844;38.3201,128.0898;38.3248,128.0946;38.3300,128.1044;38.3340,128.1104;38.3366,128.1160;38.3324,128.1242;38.3334,128.1322;38.3344,128.1392;38.3407,128.1437;38.3418,128.1499;38.3426,128.1564;38.3480,128.1601;38.3534,128.1643;38.3610,128.1719;38.3621,128.1797;38.3636,128.1863;38.3679,128.1908;38.3750,128.2014;38.3748,128.2075;38.3699,128.2114;38.3765,128.2160;38.3825,128.2177;38.3873,128.2236;38.3921,128.2276;38.3986,128.2306;38.4019,128.2360;38.4022,128.2423;38.4094,128.2442;38.4152,128.2471;38.4191,128.2547;38.4219,128.2603;38.4254,128.2659;38.4301,128.2701;38.4346,128.2789;38.4395,128.2849;38.4496,128.2874;38.4541,128.2920;38.4611,128.2957;38.4711,128.2989;38.4769,128.3032;38.4847,128.3026;38.4907,128.3012;38.4960,128.3043;38.5026,128.3044;38.5078,128.3100;38.5140,128.3135;38.5214,128.3137;38.5314,128.3117;38.5390,128.3108;38.5462,128.3120;38.5555,128.3125;38.5631,128.3122;38.5701,128.3121;38.5765,128.3146;38.5824,128.3126;38.5897,128.3103;38.5935,128.3152;38.5972,128.3213;38.5989,128.3277;38.6019,128.3342;38.6062,128.3395;38.6113,128.3447;38.6121,128.3533;38.6084,128.3602;38.6028,128.3643;38.5934,128.3698;38.5887,128.3741;38.5847,128.3788;38.5781,128.3850;38.5738,128.3896;38.5700,128.3946;38.5654,128.3991;38.5612,128.4034;38.5551,128.4052;38.5519,128.4111;38.5457,128.4077;38.5394,128.4081;38.5350,128.4123;38.5293,128.4146;38.5242,128.4179;38.5212,128.4233;38.5128,128.4184;38.5064,128.4210;38.5037,128.4266;38.4976,128.4272;38.4918,128.4294;38.4873,128.4341;38.4816,128.4375;38.4757,128.4403;38.4720,128.4486;38.4638,128.4526;38.4593,128.4577;38.4543,128.4628;38.4490,128.4666;38.4437,128.4598;38.4380,128.4541;38.4316,128.4567;38.4201,128.4641;38.4140,128.4687;38.4084,128.4733;38.4031,128.4768;38.3987,128.4826;38.3935,128.4877;38.3866,128.4945;38.3769,128.5041;38.3732,128.5107;38.3666,128.5095;38.3609,128.5075;38.3560,128.5112;38.3496,128.5121;38.3427,128.5163;38.3380,128.5210;38.3345,128.5259;38.3288,128.5282;38.3228,128.5279;38.3161,128.5346;38.3118,128.5404;38.3060,128.5468;38.2998,128.5470;38.2929,128.5474;38.2866,128.5485;38.2809,128.5538;38.2750,128.5557;38.2684,128.5569;38.2622,128.5591;38.2565,128.5613;38.2495,128.5682;38.2447,128.5725;38.2378,128.5781;38.2308,128.5849;38.2213,128.5902;38.2166,128.5959;38.2147,128.6020;38.2077,128.6027;38.2107,128.5959;38.2026,128.5924;38.2003,128.5865;38.1933,128.5821;38.1916,128.5917;38.2006,128.5934;38.2020,128.6002;38.1922,128.6029;38.1866,128.6069;38.1822,128.6111;38.1736,128.6105;38.1633,128.6092;38.1561,128.6107;38.1501,128.6088;38.1449,128.6118;38.1384,128.6167;38.1295,128.6243;38.1270,128.6300;38.1211,128.6322;38.1163,128.6358;38.1123,128.6403;38.1074,128.6458;38.1031,128.6502;38.0968,128.6569;38.0918,128.6627;38.0898,128.6684;38.0837,128.6709;38.0776,128.6736;38.0722,128.6769;38.0654,128.6775;38.0580,128.6840;38.0488,128.6935;38.0433,128.6997;38.0389,128.7047;38.0347,128.7101;38.0304,128.7156;38.0261,128.7215;38.0238,128.7254
36.7243,127.3105;36.7243,127.3165;36.7286,127.3209;36.7337,127.3255;36.7320,127.3324;36.7295,127.3384;36.7352,127.3432;36.7416,127.3375;36.7467,127.3334;36.7526,127.3355;36.7537,127.3439;36.7541,127.3523;36.7585,127.3566;36.7614,127.3642;36.7598,127.3702;36.7590,127.3780;36.7596,127.3850;36.7535,127.3887;36.7512,127.3946;36.7469,127.3991;36.7503,127.4056;36.7535,127.4113;36.7568,127.4165;36.7686,127.4147;36.7740,127.4070;36.7772,127.4012;36.7821,127.3975;36.7899,127.3966;36.7951,127.4017;36.7997,127.3975;36.8040,127.3932;36.8081,127.3885;36.8136,127.3823;36.8160,127.3741;36.8170,127.3666;36.8225,127.3581;36.8287,127.3561;36.8305,127.3487;36.8304,127.3423;36.8307,127.3345;36.8374,127.3356;36.8443,127.3357;36.8522,127.3363;36.8570,127.3326;36.8578,127.3263;36.8585,127.3199;36.8575,127.3127;36.8613,127.3072;36.8674,127.3094;36.8734,127.3099;36.8817,127.3093;36.8861,127.3039;36.8898,127.2987;36.8920,127.2925;36.8977,127.2903;36.9027,127.2962;36.9099,127.3000;36.9159,127.3032;36.9227,127.2984;36.9293,127.2954;36.9294,127.3090;36.9325,127.3148;36.9354,127.3202;36.9359,127.3268;36.9391,127.3319;36.9431,127.3406;36.9493,127.3448;36.9528,127.3505;36.9492,127.3567;36.9499,127.3699;36.9504,127.3767;36.9579,127.3787;36.9596,127.3848;36.9647,127.3883;36.9645,127.3965;36.9699,127.3997;36.9772,127.3940;36.9806,127.3883;36.9882,127.3886;36.9934,127.3922;36.9987,127.3955;36.9989,127.4025;37.0002,127.4113;37.0020,127.4186;37.0024,127.4280;37.0049,127.4342;37.0102,127.4387;37.0120,127.4446;37.0193,127.4509;37.0206,127.4568;37.0274,127.4591;37.0335,127.4583;37.0395,127.4589;37.0462,127.4603;37.0491,127.4659;37.0539,127.4697;37.0536,127.4834;37.0520,127.4904;37.0489,127.4957;37.0481,127.5047;37.0520,127.5099;37.0580,127.5165;37.0557,127.5221;37.0555,127.5294;37.0521,127.5346;37.0507,127.5410;37.0475,127.5468;37.0428,127.5548;37.0441,127.5622;37.0476,127.5685;37.0542,127.5676;37.0606,127.5650;37.0674,127.5706;37.0731,127.5755;37.0755,127.5830;37.0730,127.5886;37.0737,127.5946;37.0709,127.6008;37.0757,127.6051;37.0835,127.6001;37.0878,127.5958;37.0877,127.6021;37.0868,127.6094;37.0892,127.6151;37.0933,127.6251;37.0965,127.6318;37.1037,127.6352;37.1100,127.6350;37.1178,127.6345;37.1273,127.6350;37.1349,127.6364;37.1408,127.6378;37.1452,127.6336;37.1517,127.6275;37.1524,127.6397;37.1511,127.6468;37.1470,127.6535;37.1399,127.6599;37.1365,127.6694;37.1361,127.6832;37.1391,127.6937;37.1456,127.6941;37.1515,127.6955;37.1547,127.7016;37.1627,127.7048;37.1703,127.7068;37.1768,127.7123;37.1834,127.7169;37.1816,127.7228;37.1865,127.7280;37.1923,127.7295;37.1988,127.7328;37.2055,127.7356;37.2120,127.7405;37.2072,127.7443;37.2003,127.7479;37.1904,127.7501;37.1838,127.7508;37.1760,127.7541;37.1692,127.7571;37.1600,127.7647;37.1562,127.7693;37.1528,127.7749;37.1471,127.7838;37.1434,127.7895;37.1455,127.7969;37.1454,127.8040;37.1465,127.8116;37.1484,127.8193;37.1519,127.8247;37.1521,127.8327;37.1528,127.8469;37.1584,127.8512;37.1553,127.8613;37.1616,127.8627;37.1640,127.8702;37.1622,127.8802;37.1611,127.8866;37.1573,127.8932;37.1522,127.8978;37.1559,127.9032;37.1617,127.9062;37.1675,127.9110;37.1677,127.9172;37.1645,127.9246;37.1705,127.9282;37.1753,127.9324;37.1824,127.9326;37.1888,127.9363;37.1952,127.9322;37.2011,127.9309;37.2070,127.9325;37.2174,127.9273;37.2221,127.9225;37.2316,127.9266;37.2380,127.9356;37.2404,127.9425;37.2442,127.9474;37.2479,127.9527;37.2501,127.9595;37.2519,127.9655;37.2564,127.9719;37.2583,127.9799;37.2578,127.9869;37.2536,127.9942;37.2532,128.0022;37.2500,128.0108;37.2469,128.0166;37.2394,128.0199;37.2303,128.0211;37.2251,128.0267;37.2213,128.0320;37.2176,128.0372;37.2113,128.0338;37.2030,128.0284;37.1980,128.0322;37.1914,128.0339;37.1890,128.0401;37.1896,128.0470;37.1938,128.0588;37.1939,128.0673;37.1931,128.0739;37.1970,128.0857;37.1993,128.0920;37.2018,128.1003;37.2057,128.1087;37.2108,128.1122;37.2165,128.1152;37.2228,128.1184;37.2293,128.1215;37.2345,128.1253;37.2309,128.1323;37.2300,128.1384;37.2243,128.1423;37.2207,128.1488;37.2159,128.1542;37.2154,128.1615;37.2178,128.1697;37.2249,128.1725;37.2310,128.1736;37.2353,128.1779;37.2383,128.1842;37.2430,128.1902;37.2458,128.1956;37.2490,128.2012;37.2488,128.2078;37.2458,128.2131;37.2411,128.2175;37.2363,128.2228;37.2306,128.2281;37.2270,128.2330;37.2290,128.2391;37.2276,128.2461;37.2280,128.2526;37.2228,128.2569;37.2164,128.2598;37.2112,128.2654;37.2088,128.2710;37.2099,128.2775;37.2107,128.2840;37.2151,128.2882;37.2156,128.2947;37.2166,128.3012;37.2171,128.3079;37.2215,128.3126;37.2199,128.3201;37.2168,128.3271;37.2117,128.3306;37.2056,128.3287;37.1985,128.3275;37.1976,128.3215;37.1967,128.3154;37.1911,128.3130;37.1860,128.3077;37.1845,128.3007;37.1809,128.2958;37.1729,128.2975;37.1703,128.2913;37.1724,128.2822;37.1711,128.2759;37.1664,128.2707;37.1613,128.2664;37.1549,128.2693;37.1490,128.2723;37.1442,128.2776;37.1424,128.2853;37.1393,128.2927;37.1342,128.2961;37.1372,128.3054;37.1449,128.3095;37.1476,128.3167;37.1480,128.3244;37.1530,128.3278;37.1551,128.3349;37.1581,128.3405;37.1569,128.3502;37.1536,128.3556;37.1527,128.3622;37.1544,128.3684;37.1533,128.3758;37.1565,128.3832;37.1534,128.3925;37.1485,128.3964;37.1446,128.4014;37.1348,128.4018;37.1286,128.3960;37.1275,128.4029;37.1251,128.4086;37.1210,128.4131;37.1180,128.4200;37.1123,128.4235;37.1047,128.4226;37.1037,128.4301;37.1087,128.4342;37.1092,128.4427;37.1106,128.4486;37.1118,128.4553;37.1105,128.4622;37.1098,128.4723;37.1117,128.4809;37.1189,128.4863;37.1239,128.4911;37.1237,128.4983;37.1197,128.5030;37.1152,128.5071;37.1076,128.5131;37.1025,128.5174;37.1023,128.5236;37.1008,128.5295;37.0959,128.5347;37.0901,128.5368;37.0877,128.5453;37.0866,128.5538;37.0902,128.5617;37.0882,128.5674;37.0838,128.5722;37.0814,128.5789;37.0801,128.5866;37.0784,128.5931;37.0831,128.5999;37.0767,128.6061;37.0807,128.6120;37.0842,128.6175;37.0874,128.6226;37.0826,128.6269;37.0752,128.6282;37.0723,128.6335;37.0708,128.6427;37.0677,128.6482;37.0611,128.6461;37.0516,128.6379;37.0466,128.6345;37.0405,128.6329;37.0438,128.6261;37.0491,128.6217;37.0517,128.6130;37.0497,128.6071;37.0437,128.6071;37.0431,128.5981;37.0422,128.5920;37.0430,128.5860;37.0398,128.5807;37.0354,128.5743;37.0342,128.5684;37.0268,128.5667;37.0229,128.5714;37.0159,128.5713;37.0110,128.5662;37.0066,128.5596;37.0020,128.5558;36.9955,128.5495;36.9921,128.5430;36.9902,128.5355;36.9901,128.5260;36.9881,128.5202;36.9833,128.5152;36.9764,128.5131;36.9736,128.5076;36.9679,128.5023;36.9644,128.4939;36.9628,128.4874;36.9577,128.4829;36.9562,128.4748;36.9515,128.4672;36.9456,128.4631;36.9396,128.4614;36.9337,128.4569;36.9308,128.4504;36.9280,128.4450;36.9219,128.4430;36.9137,128.4447;36.9054,128.4411;36.8998,128.4382;36.8954,128.4336;36.8911,128.4281;36.8848,128.4282;36.8794,128.4248;36.8755,128.4317;36.8717,128.4391;36.8680,128.4439;36.8634,128.4487;36.8534,128.4467;36.8478,128.4490;36.8425,128.4454;36.8376,128.4415;36.8341,128.4341;36.8276,128.4336;36.8225,128.4300;36.8168,128.4258;36.8118,128.4211;36.8122,128.4151;36.8123,128.4082;36.8129,128.3996;36.8143,128.3895;36.8138,128.3833;36.8110,128.3777;36.8054,128.3727;36.8028,128.3669;36.8063,128.3571;36.8124,128.3532;36.8146,128.3410;36.8167,128.3352;36.8164,128.3284;36.8156,128.3208;36.8191,128.3159;36.8263,128.3107;36.8293,128.3050;36.8332,128.3000;36.8366,128.2946;36.8428,128.2902;36.8473,128.2855;36.8542,128.2835;36.8571,128.2763;36.8602,128.2688;36.8652,128.2604;36.8664,128.2543;36.8693,128.2469;36.8721,128.2409;36.8651,128.2395;36.8589,128.2355;36.8518,128.2362;36.8453,128.2370;36.8454,128.2301;36.8467,128.2238;36.8493,128.2167;36.8455,128.2108;36.8394,128.2128;36.8330,128.2145;36.8261,128.2158;36.8194,128.2173;36.8132,128.2167;36.8120,128.2099;36.8134,128.2037;36.8171,128.1937;36.8166,128.1848;36.8192,128.1787;36.8218,128.1726;36.8211,128.1653;36.8220,128.1553;36.8276,128.1498;36.8302,128.1442;36.8329,128.1363;36.8276,128.1333;36.8240,128.1246;36.8215,128.1185;36.8216,128.1105;36.8135,128.1083;36.8073,128.1071;36.8060,128.1011;36.8036,128.0941;36.7968,128.0935;36.7981,128.0859;36.8042,128.0854;36.8085,128.0791;36.8128,128.0744;36.8168,128.0674;36.8172,128.0611;36.8118,128.0577;36.8061,128.0550;36.7987,128.0561;36.7927,128.0550;36.7872,128.0505;36.7824,128.0456;36.7746,128.0447;36.7689,128.0426;36.7632,128.0387;36.7583,128.0348;36.7494,128.0326;36.7407,128.0424;36.7367,128.0507;36.7313,128.0545;36.7279,128.0600;36.7238,128.0657;36.7147,128.0717;36.7084,128.0710;36.7090,128.0587;36.7078,128.0522;36.7102,128.0457;36.7149,128.0368;36.7188,128.0319;36.7193,128.0256;36.7234,128.0197;36.7302,128.0148;36.7254,128.0065;36.7173,128.0019;36.7181,127.9951;36.7175,127.9868;36.7201,127.9803;36.7262,127.9731;36.7314,127.9693;36.7334,127.9632;36.7356,127.9570;36.7236,127.9540;36.7199,127.9492;36.7126,127.9496;36.7068,127.9478;36.7069,127.9381;36.7045,127.9325;36.6976,127.9317;36.6908,127.9289;36.6921,127.9226;36.6933,127.9148;36.6926,127.9074;36.6934,127.8975;36.6915,127.8878;36.6857,127.8819;36.6831,127.8757;36.6787,127.8800;36.6791,127.8866;36.6824,127.8917;36.6822,127.8989;36.6799,127.9066;36.6779,127.9126;36.6718,127.9159;36.6681,127.9232;36.6688,127.9296;36.6614,127.9323;36.6554,127.9316;36.6527,127.9391;36.6460,127.9390;36.6417,127.9346;36.6356,127.9342;36.6287,127.9328;36.6204,127.9329;36.6169,127.9276;36.6098,127.9242;36.6028,127.9252;36.6029,127.9190;36.6094,127.9182;36.6133,127.9128;36.6222,127.9086;36.6275,127.9030;36.6268,127.8969;36.6288,127.8905;36.6346,127.8879;36.6406,127.8887;36.6465,127.8824;36.6549,127.8802;36.6550,127.8739;36.6473,127.8699;36.6413,127.8654;36.6361,127.8620;36.6347,127.8538;36.6341,127.8473;36.6292,127.8506;36.6196,127.8498;36.6176,127.8557;36.6132,127.8502;36.6100,127.8435;36.6102,127.8368;36.6126,127.8299;36.6133,127.8210;36.6074,127.8143;36.6058,127.8083;36.6021,127.8032;36.6003,127.7974;36.5927,127.7966;36.5864,127.7985;36.5835,127.8041;36.5799,127.8092;36.5781,127.8162;36.5731,127.8216;36.5715,127.8274;36.5731,127.8342;36.5701,127.8401;36.5706,127.8486;36.5696,127.8574;36.5653,127.8617;36.5604,127.8665;36.5568,127.8713;36.5487,127.8724;36.5428,127.8705;36.5390,127.8752;36.5347,127.8796;36.5337,127.8887;36.5303,127.8945;36.5284,127.9020;36.5198,127.9015;36.5132,127.9025;36.5073,127.9062;36.5007,127.9008;36.4984,127.8949;36.4931,127.8887;36.4933,127.8810;36.4884,127.8761;36.4824,127.8774;36.4775,127.8819;36.4712,127.8802;36.4649,127.8802;36.4577,127.8790;36.4505,127.8783;36.4454,127.8734;36.4376,127.8736;36.4297,127.8755;36.4238,127.8737;36.4245,127.8811;36.4166,127.8791;36.4112,127.8747;36.4051,127.8722;36.4033,127.8646;36.3966,127.8656;36.3916,127.8700;36.3886,127.8774;36.3821,127.8817;36.3757,127.8837;36.3689,127.8852;36.3628,127.8883;36.3566,127.8905;36.3537,127.8852;36.3459,127.8826;36.3456,127.8755;36.3417,127.8707;36.3356,127.8658;36.3313,127.8567;36.3267,127.8512;36.3203,127.8504;36.3164,127.8452;36.3100,127.8415;36.3044,127.8452;36.2976,127.8463;36.2914,127.8468;36.2839,127.8501;36.2755,127.8514;36.2771,127.8609;36.2766,127.8674;36.2758,127.8764;36.2737,127.8826;36.2802,127.8858;36.2862,127.8881;36.2919,127.8921;36.2963,127.8971;36.3010,127.9029;36.2927,127.9064;36.2865,127.9071;36.2829,127.9127;36.2796,127.9212;36.2780,127.9309;36.2726,127.9344;36.2681,127.9396;36.2672,127.9474;36.2587,127.9483;36.2572,127.9546;36.2525,127.9599;36.2515,127.9665;36.2529,127.9746;36.2593,127.9767;36.2636,127.9812;36.2634,127.9905;36.2679,127.9959;36.2681,128.0032;36.2717,128.0083;36.2701,128.0142;36.2673,128.0202;36.2679,128.0262;36.2631,128.0311;36.2592,128.0396;36.2566,128.0474;36.2523,128.0427;36.2477,128.0377;36.2423,128.0340;36.2361,128.0321;36.2287,128.0393;36.2222,128.0390;36.2161,128.0476;36.2102,128.0495;36.2021,128.0563;36.1990,128.0487;36.1946,128.0408;36.2001,128.0334;36.2046,128.0272;36.2079,128.0204;36.2087,128.0141;36.2081,128.0078;36.2069,128.0000;36.2025,127.9941;36.2005,127.9841;36.1981,127.9780;36.1884,127.9762;36.1828,127.9797;36.1782,127.9840;36.1722,127.9824;36.1666,127.9870;36.1608,127.9905;36.1568,127.9960;36.1516,127.9911;36.1454,127.9879;36.1393,127.9876;36.1333,127.9888;36.1279,127.9860;36.1231,127.9771;36.1219,127.9702;36.1168,127.9665;36.1107,127.9655;36.1043,127.9690;36.0986,127.9649;36.0945,127.9597;36.0875,127.9587;36.0768,127.9619;36.0703,127.9609;36.0673,127.9546;36.0610,127.9508;36.0568,127.9452;36.0530,127.9394;36.0508,127.9335;36.0524,127.9256;36.0537,127.9196;36.0513,127.9131;36.0467,127.9061;36.0406,127.9033;36.0380,127.8975;36.0357,127.8900;36.0323,127.8834;36.0262,127.8816;36.0225,127.8768;36.0238,127.8677;36.0286,127.8630;36.0324,127.8581;36.0369,127.8536;36.0392,127.8463;36.0359,127.8391;36.0354,127.8310;36.0318,127.8240;36.0282,127.8160;36.0260,127.8055;36.0261,127.7994;36.0199,127.7923;36.0151,127.7884;36.0165,127.7823;36.0154,127.7753;36.0129,127.7698;36.0127,127.7635;36.0182,127.7607;36.0240,127.7623;36.0244,127.7562;36.0268,127.7506;36.0289,127.7442;36.0291,127.7377;36.0324,127.7315;36.0324,127.7250;36.0324,127.7189;36.0357,127.7134;36.0351,127.7072;36.0366,127.7002;36.0459,127.6950;36.0543,127.6959;36.0580,127.6907;36.0623,127.6858;36.0582,127.6808;36.0547,127.6743;36.0492,127.6713;36.0432,127.6718;36.0375,127.6644;36.0469,127.6579;36.0536,127.6551;36.0574,127.6501;36.0631,127.6481;36.0674,127.6435;36.0695,127.6377;36.0749,127.6341;36.0814,127.6329;36.0854,127.6283;36.0907,127.6233;36.0936,127.6173;36.1023,127.6170;36.1089,127.6191;36.1116,127.6134;36.1185,127.6101;36.1206,127.6032;36.1301,127.5926;36.1356,127.5901;36.1431,127.5904;36.1502,127.5935;36.1549,127.5985;36.1600,127.6017;36.1670,127.6015;36.1738,127.5986;36.1770,127.5933;36.1836,127.5966;36.1902,127.5947;36.1991,127.5957;36.2046,127.5995;36.2107,127.5980;36.2171,127.5980;36.2208,127.5927;36.2253,127.5877;36.2313,127.5836;36.2323,127.5759;36.2326,127.5690;36.2281,127.5643;36.2275,127.5583;36.2254,127.5490;36.2315,127.5471;36.2384,127.5499;36.2418,127.5404;36.2473,127.5351;36.2484,127.5284;36.2438,127.5219;36.2405,127.5166;36.2393,127.5103;36.2377,127.5023;36.2383,127.4963;36.2438,127.4925;36.2514,127.4876;36.2573,127.4900;36.2672,127.4883;36.2732,127.4893;36.2792,127.4968;36.2857,127.4976;36.2913,127.4946;36.2964,127.4914;36.3016,127.4974;36.3079,127.4982;36.3144,127.4969;36.3203,127.4980;36.3251,127.5027;36.3329,127.5009;36.3390,127.5006;36.3432,127.5081;36.3487,127.5158;36.3543,127.5224;36.3604,127.5236;36.3674,127.5250;36.3738,127.5259;36.3805,127.5254;36.3865,127.5246;36.3912,127.5301;36.3947,127.5367;36.3970,127.5431;36.3952,127.5526;36.3978,127.5592;36.4012,127.5532;36.4071,127.5501;36.4106,127.5441;36.4193,127.5423;36.4193,127.5348;36.4212,127.5270;36.4216,127.5209;36.4225,127.5145;36.4152,127.5125;36.4092,127.5101;36.4085,127.5023;36.4149,127.4978;36.4227,127.4957;36.4295,127.4913;36.4359,127.4906;36.4412,127.4935;36.4456,127.4985;36.4494,127.5035;36.4555,127.5028;36.4550,127.4968;36.4531,127.4893;36.4535,127.4831;36.4573,127.4783;36.4637,127.4794;36.4690,127.4829;36.4756,127.4843;36.4763,127.4761;36.4737,127.4703;36.4688,127.4660;36.4633,127.4636;36.4562,127.4626;36.4513,127.4565;36.4492,127.4472;36.4520,127.4418;36.4564,127.4359;36.4569,127.4274;36.4551,127.4182;36.4548,127.4075;36.4567,127.4014;36.4655,127.4014;36.4723,127.4020;36.4798,127.4042;36.4891,127.3989;36.4942,127.4054;36.4978,127.4108;36.5033,127.4078;36.5097,127.4090;36.5154,127.4042;36.5206,127.3976;36.5239,127.4043;36.5314,127.4056;36.5412,127.4018;36.5401,127.3951;36.5404,127.3890;36.5429,127.3835;36.5489,127.3817;36.5542,127.3786;36.5577,127.3736;36.5629,127.3780;36.5665,127.3709;36.5642,127.3651;36.5618,127.3576;36.5622,127.3510;36.5644,127.3444;36.5623,127.3382;36.5681,127.3352;36.5745,127.3318;36.5777,127.3255;36.5838,127.3214;36.5829,127.3132;36.5830,127.3062;36.5860,127.2998;36.5904,127.3041;36.5966,127.3049;36.6025,127.3062;36.6077,127.3008;36.6139,127.3001;36.6190,127.2964;36.6245,127.2932;36.6301,127.2907;36.6361,127.2917;36.6341,127.2849;36.6366,127.2774;36.6423,127.2828;36.6494,127.2841;36.6589,127.2887;36.6608,127.2968;36.6657,127.3023;36.6713,127.3060;36.6783,127.3075;36.6850,127.3041;36.6858,127.2976;36.6882,127.2895;36.6954,127.2895;36.6977,127.2963;36.7009,127.3029;36.7048,127.3084;36.7131,127.3079;36.7218,127.3094;36.7243,127.3105
36.5966,126.3748;36.5903,126.3715;36.5831,126.3739;36.5771,126.3730;36.5766,126.3659;36.5726,126.3590;36.5675,126.3627;36.5651,126.3746;36.5580,126.3743;36.5526,126.3775;36.5442,126.3779;36.5354,126.3776;36.5300,126.3808;36.5268,126.3862;36.5207,126.3855;36.5194,126.3783;36.5153,126.3841;36.5149,126.3921;36.5085,126.3924;36.5066,126.3981;36.5017,126.4017;36.4910,126.3981;36.4878,126.4056;36.4929,126.4089;36.4863,126.4092;36.4763,126.4085;36.4703,126.4131;36.4646,126.4156;36.4605,126.4113;36.4542,126.4065;36.4516,126.4123;36.4469,126.4201;36.4406,126.4213;36.4378,126.4300;36.4321,126.4278;36.4267,126.4306;36.4223,126.4348;36.4179,126.4306;36.4125,126.4243;36.4021,126.4258;36.4048,126.4199;36.4049,126.4132;36.4111,126.4127;36.4143,126.4076;36.4124,126.4004;36.4181,126.3978;36.4219,126.3900;36.4212,126.3812;36.4152,126.3803;36.4112,126.3730;36.4152,126.3671;36.4184,126.3613;36.4241,126.3577;36.4247,126.3512;36.4313,126.3545;36.4377,126.3566;36.4372,126.3649;36.4411,126.3601;36.4418,126.3540;36.4401,126.3482;36.4399,126.3378;36.4408,126.3315;36.4467,126.3330;36.4546,126.3311;36.4614,126.3313;36.4676,126.3276;36.4745,126.3287;36.4832,126.3313;36.4908,126.3325;36.4969,126.3323;36.5045,126.3381;36.5051,126.3321;36.5114,126.3313;36.5215,126.3279;36.5286,126.3308;36.5407,126.3290;36.5549,126.3277;36.5606,126.3225;36.5664,126.3179;36.5719,126.3147;36.5791,126.3138;36.5854,126.3116;36.5865,126.3178;36.5834,126.3232;36.5898,126.3234;36.5980,126.3222;36.6038,126.3331;36.6075,126.3382;36.6043,126.3442;36.6102,126.3486;36.6097,126.3548;36.6109,126.3612;36.6074,126.3673;36.6001,126.3680;36.5963,126.3730;36.5966,126.3748
37.0004,126.6948;36.9975,126.7008;36.9931,126.7181;36.9905,126.7252;36.9886,126.7323;36.9878,126.7385;36.9872,126.7445;36.9853,126.7554;36.9796,126.7719;36.9762,126.7808;36.9690,126.7814;36.9515,126.7892;36.9463,126.7924;36.9403,126.7928;36.9306,126.7969;36.9257,126.8012;36.9301,126.8054;36.9270,126.8111;36.9183,126.8135;36.9098,126.8150;36.8965,126.8173;36.8929,126.8228;36.8882,126.8283;36.8861,126.8379;36.8843,126.8449;36.8805,126.8601;36.8825,126.8684;36.8859,126.8802;36.8874,126.8895;36.8879,126.9001;36.8897,126.9077;36.8972,126.9106;36.9062,126.9167;36.9134,126.9316;36.9173,126.9396;36.9201,126.9522;36.9238,126.9652;36.9259,126.9737;36.9282,126.9798;36.9324,126.9854;36.9335,126.9915;36.9349,126.9975;36.9351,127.0036;36.9359,127.0098;36.9348,127.0169;36.9308,127.0218;36.9281,127.0310;36.9315,127.0365;36.9332,127.0476;36.9375,127.0561;36.9416,127.0648;36.9406,127.0728;36.9475,127.0857;36.9434,127.0919;36.9480,127.0970;36.9527,127.1029;36.9557,127.0964;36.9648,127.1025;36.9692,127.1109;36.9710,127.1179;36.9685,127.1235;36.9665,127.1292;36.9675,127.1357;36.9711,127.1437;36.9694,127.1509;36.9698,127.1592;36.9661,127.1544;36.9627,127.1634;36.9631,127.1711;36.9627,127.1777;36.9567,127.1805;36.9545,127.1883;36.9520,127.1950;36.9520,127.2013;36.9461,127.2069;36.9402,127.2091;36.9342,127.2102;36.9296,127.2171;36.9261,127.2265;36.9236,127.2337;36.9195,127.2394;36.9178,127.2453;36.9224,127.2531;36.9169,127.2575;36.9137,127.2669;36.9115,127.2735;36.9069,127.2774;36.9005,127.2792;36.8953,127.2845;36.8922,127.2906;36.8896,127.2972;36.8867,127.3032;36.8817,127.3093;36.8734,127.3099;36.8674,127.3094;36.8619,127.3068;36.8578,127.3120;36.8591,127.3187;36.8569,127.3245;36.8570,127.3326;36.8522,127.3363;36.8456,127.3368;36.8393,127.3341;36.8324,127.3341;36.8304,127.3423;36.8305,127.3487;36.8288,127.3557;36.8225,127.3581;36.8197,127.3635;36.8164,127.3686;36.8141,127.3815;36.8096,127.3863;36.8066,127.3916;36.8015,127.3957;36.7984,127.4010;36.7915,127.3978;36.7841,127.3950;36.7788,127.4016;36.7740,127.4070;36.7732,127.4130;36.7618,127.4195;36.7567,127.4159;36.7530,127.4107;36.7473,127.4048;36.7479,127.3960;36.7526,127.3911;36.7593,127.3864;36.7591,127.3792;36.7579,127.3723;36.7614,127.3642;36.7585,127.3566;36.7541,127.3523;36.7536,127.3456;36.7527,127.3355;36.7467,127.3334;36.7418,127.3375;36.7370,127.3425;36.7297,127.3392;36.7320,127.3324;36.7337,127.3255;36.7291,127.3212;36.7245,127.3173;36.7243,127.3105;36.7187,127.3081;36.7090,127.3063;36.7009,127.3029;36.6977,127.2963;36.6954,127.2895;36.6907,127.2853;36.6913,127.2777;36.6946,127.2708;36.6922,127.2652;36.6927,127.2576;36.6968,127.2522;36.6959,127.2457;36.7013,127.2416;36.7053,127.2370;36.7091,127.2322;36.7104,127.2251;36.7156,127.2212;36.7166,127.2153;36.7190,127.2079;36.7237,127.2037;36.7273,127.1986;36.7286,127.1924;36.7297,127.1846;36.7288,127.1786;36.7307,127.1719;36.7338,127.1647;36.7275,127.1575;36.7262,127.1507;36.7199,127.1482;36.7160,127.1405;36.7103,127.1316;36.7050,127.1361;36.6982,127.1393;36.6918,127.1429;36.6903,127.1492;36.6908,127.1562;36.6857,127.1619;36.6795,127.1639;36.6730,127.1586;36.6675,127.1556;36.6614,127.1590;36.6536,127.1564;36.6452,127.1532;36.6399,127.1564;36.6337,127.1575;36.6276,127.1569;36.6219,127.1528;36.6160,127.1556;36.6067,127.1555;36.6047,127.1619;36.6011,127.1679;36.5969,127.1725;36.5955,127.1817;36.5923,127.1873;36.5864,127.1894;36.5808,127.1930;36.5820,127.1990;36.5808,127.2057;36.5748,127.2064;36.5674,127.2031;36.5645,127.1975;36.5595,127.1905;36.5529,127.1868;36.5478,127.1907;36.5442,127.1858;36.5455,127.1793;36.5408,127.1738;36.5335,127.1730;36.5282,127.1765;36.5214,127.1823;36.5175,127.1773;36.5117,127.1703;36.5064,127.1742;36.5006,127.1757;36.4926,127.1771;36.4934,127.1834;36.4896,127.1947;36.4795,127.1905;36.4701,127.1939;36.4656,127.1986;36.4625,127.2041;36.4561,127.2032;36.4522,127.1984;36.4463,127.2018;36.4399,127.1989;36.4369,127.2051;36.4357,127.2115;36.4337,127.2177;36.4285,127.2225;36.4231,127.2254;36.4219,127.2317;36.4184,127.2399;36.4122,127.2466;36.4068,127.2506;36.4080,127.2572;36.4140,127.2586;36.4172,127.2655;36.4150,127.2727;36.4154,127.2799;36.4090,127.2818;36.4030,127.2806;36.3968,127.2785;36.3897,127.2789;36.3828,127.2786;36.3768,127.2807;36.3687,127.2774;36.3634,127.2743;36.3574,127.2711;36.3521,127.2749;36.3459,127.2781;36.3430,127.2724;36.3380,127.2657;36.3322,127.2678;36.3273,127.2630;36.3217,127.2608;36.3148,127.2582;36.3068,127.2584;36.2971,127.2593;36.2957,127.2512;36.2910,127.2467;36.2857,127.2506;36.2805,127.2542;36.2761,127.2588;36.2746,127.2648;36.2711,127.2698;36.2659,127.2796;36.2648,127.2859;36.2642,127.2919;36.2608,127.2866;36.2558,127.2824;36.2485,127.2810;36.2414,127.2818;36.2353,127.2832;36.2298,127.2923;36.2231,127.2938;36.2214,127.3011;36.2272,127.3028;36.2233,127.3113;36.2195,127.3164;36.2142,127.3210;36.2080,127.3219;36.2041,127.3281;36.2007,127.3336;36.1942,127.3298;36.1880,127.3320;36.1889,127.3404;36.1967,127.3440;36.2019,127.3475;36.2080,127.3495;36.2127,127.3548;36.2167,127.3598;36.2217,127.3640;36.2263,127.3602;36.2323,127.3634;36.2386,127.3632;36.2483,127.3644;36.2538,127.3600;36.2609,127.3605;36.2679,127.3630;36.2695,127.3699;36.2715,127.3776;36.2677,127.3835;36.2635,127.3884;36.2554,127.3888;36.2459,127.3879;36.2395,127.3904;36.2342,127.3873;36.2325,127.3941;36.2301,127.4009;36.2229,127.4045;36.2176,127.4106;36.2114,127.4121;36.2074,127.4198;36.2059,127.4265;36.2012,127.4323;36.1973,127.4394;36.1967,127.4480;36.2008,127.4548;36.2070,127.4542;36.2113,127.4599;36.2143,127.4653;36.2216,127.4673;36.2249,127.4744;36.2301,127.4795;36.2319,127.4853;36.2371,127.4900;36.2383,127.4963;36.2377,127.5023;36.2388,127.5087;36.2412,127.5147;36.2438,127.5219;36.2483,127.5269;36.2509,127.5326;36.2428,127.5379;36.2406,127.5454;36.2323,127.5475;36.2255,127.5453;36.2259,127.5528;36.2288,127.5602;36.2303,127.5661;36.2320,127.5748;36.2313,127.5836;36.2253,127.5877;36.2208,127.5927;36.2175,127.5978;36.2107,127.5980;36.2048,127.5996;36.1995,127.5964;36.1922,127.5930;36.1869,127.5970;36.1810,127.5947;36.1743,127.5964;36.1690,127.6015;36.1612,127.6012;36.1551,127.5987;36.1502,127.5935;36.1433,127.5904;36.1373,127.5909;36.1301,127.5926;36.1235,127.5990;36.1182,127.6055;36.1152,127.6116;36.1116,127.6163;36.1056,127.6175;36.0975,127.6174;36.0913,127.6186;36.0866,127.6278;36.0824,127.6321;36.0767,127.6347;36.0695,127.6377;36.0665,127.6293;36.0655,127.6217;36.0596,127.6206;36.0537,127.6189;36.0473,127.6197;36.0392,127.6191;36.0423,127.6251;36.0411,127.6314;36.0350,127.6333;36.0331,127.6394;36.0311,127.6332;36.0306,127.6272;36.0246,127.6229;36.0263,127.6165;36.0252,127.6107;36.0191,127.6164;36.0111,127.6179;36.0028,127.6160;36.0041,127.6099;36.0095,127.6072;36.0119,127.6001;36.0190,127.5963;36.0230,127.5917;36.0265,127.5844;36.0239,127.5777;36.0269,127.5705;36.0334,127.5590;36.0328,127.5522;36.0381,127.5469;36.0386,127.5392;36.0408,127.5314;36.0346,127.5320;36.0308,127.5369;36.0250,127.5386;36.0159,127.5376;36.0096,127.5331;36.0005,127.5361;35.9920,127.5336;35.9874,127.5259;35.9838,127.5199;35.9832,127.5134;35.9796,127.5067;35.9838,127.5024;35.9864,127.4950;35.9823,127.4903;35.9807,127.4809;35.9815,127.4746;35.9866,127.4693;35.9839,127.4639;35.9833,127.4567;35.9884,127.4533;35.9932,127.4486;36.0001,127.4473;36.0064,127.4446;36.0091,127.4374;36.0164,127.4356;36.0230,127.4368;36.0295,127.4346;36.0270,127.4276;36.0233,127.4224;36.0197,127.4168;36.0143,127.4109;36.0121,127.4050;36.0103,127.3975;36.0147,127.3934;36.0185,127.3879;36.0214,127.3816;36.0288,127.3768;36.0345,127.3735;36.0411,127.3736;36.0485,127.3663;36.0536,127.3608;36.0604,127.3612;36.0658,127.3643;36.0701,127.3592;36.0762,127.3617;36.0814,127.3582;36.0877,127.3589;36.0938,127.3532;36.0983,127.3477;36.1039,127.3505;36.1083,127.3549;36.1164,127.3505;36.1179,127.3444;36.1243,127.3407;36.1305,127.3385;36.1295,127.3313;36.1306,127.3228;36.1250,127.3207;36.1191,127.3153;36.1217,127.3091;36.1249,127.3037;36.1227,127.2971;36.1150,127.2947;36.1122,127.2853;36.1095,127.2795;36.1073,127.2734;36.1087,127.2648;36.1129,127.2597;36.1126,127.2533;36.1074,127.2504;36.1031,127.2458;36.0964,127.2461;36.0917,127.2511;36.0849,127.2526;36.0835,127.2460;36.0882,127.2393;36.0933,127.2356;36.0981,127.2287;36.0981,127.2227;36.0974,127.2163;36.1007,127.2096;36.0980,127.2042;36.0923,127.2011;36.0864,127.1990;36.0878,127.1906;36.0943,127.1836;36.0919,127.1776;36.0875,127.1716;36.0850,127.1653;36.0835,127.1583;36.0869,127.1523;36.0904,127.1468;36.0879,127.1396;36.0815,127.1338;36.0732,127.1341;36.0669,127.1321;36.0650,127.1263;36.0655,127.1201;36.0692,127.1127;36.0733,127.1055;36.0745,127.0980;36.0737,127.0918;36.0772,127.0845;36.0848,127.0749;36.0879,127.0687;36.0890,127.0611;36.0951,127.0603;36.1024,127.0603;36.1089,127.0585;36.1151,127.0570;36.1213,127.0621;36.1264,127.0585;36.1309,127.0507;36.1353,127.0453;36.1417,127.0444;36.1389,127.0377;36.1377,127.0308;36.1365,127.0242;36.1403,127.0195;36.1471,127.0171;36.1461,127.0101;36.1506,127.0053;36.1475,126.9999;36.1468,126.9939;36.1477,126.9859;36.1485,126.9772;36.1510,126.9715;36.1549,126.9655;36.1565,126.9597;36.1557,126.9530;36.1535,126.9445;36.1506,126.9387;36.1465,126.9341;36.1413,126.9286;36.1385,126.9225;36.1357,126.9147;36.1382,126.9086;36.1424,126.9008;36.1397,126.8898;36.1335,126.8840;36.1256,126.8800;36.1193,126.8780;36.1137,126.8755;36.1068,126.8739;36.0974,126.8740;36.0896,126.8736;36.0767,126.8719;36.0674,126.8708;36.0609,126.8655;36.0588,126.8589;36.0553,126.8483;36.0530,126.8405;36.0523,126.8343;36.0510,126.8260;36.0485,126.8193;36.0419,126.8146;36.0358,126.8084;36.0335,126.8028;36.0324,126.7955;36.0317,126.7881;36.0296,126.7697;36.0260,126.7617;36.0261,126.7522;36.0232,126.7461;36.0178,126.7435;36.0093,126.7405;36.0027,126.7378;36.0032,126.7302;36.0001,126.7245;36.0020,126.7178;36.0054,126.7077;36.0064,126.7013;36.0067,126.6949;36.0073,126.6878;36.0092,126.6765;36.0059,126.6715;36.0062,126.6643;36.0146,126.6624;36.0205,126.6643;36.0266,126.6629;36.0312,126.6687;36.0363,126.6641;36.0419,126.6602;36.0465,126.6546;36.0491,126.6490;36.0568,126.6446;36.0552,126.6369;36.0626,126.6313;36.0686,126.6321;36.0753,126.6315;36.0803,126.6279;36.0775,126.6216;36.0832,126.6238;36.0822,126.6298;36.0840,126.6362;36.0867,126.6420;36.0912,126.6462;36.0907,126.6402;36.0932,126.6336;36.0993,126.6317;36.1014,126.6236;36.1022,126.6174;36.0969,126.6138;36.1006,126.6076;36.1065,126.6068;36.1121,126.6025;36.1189,126.5995;36.1244,126.5947;36.1295,126.5893;36.1326,126.5823;36.1371,126.5780;36.1403,126.5700;36.1351,126.5646;36.1296,126.5599;36.1327,126.5547;36.1387,126.5517;36.1427,126.5470;36.1479,126.5390;36.1499,126.5327;36.1519,126.5240;36.1522,126.5179;36.1514,126.5114;36.1489,126.5059;36.1427,126.5021;36.1348,126.5029;36.1288,126.5063;36.1301,126.5000;36.1333,126.4943;36.1397,126.4930;36.1485,126.4932;36.1553,126.4930;36.1593,126.4997;36.1594,126.5061;36.1589,126.5122;36.1596,126.5182;36.1657,126.5239;36.1743,126.5267;36.1813,126.5239;36.1873,126.5255;36.1959,126.5318;36.2017,126.5365;36.2079,126.5369;36.2158,126.5334;36.2224,126.5304;36.2293,126.5311;36.2364,126.5303;36.2419,126.5332;36.2481,126.5398;36.2542,126.5384;36.2601,126.5398;36.2609,126.5461;36.2667,126.5479;36.2775,126.5408;36.2766,126.5347;36.2824,126.5374;36.2886,126.5333;36.2937,126.5298;36.2993,126.5245;36.2987,126.5173;36.3078,126.5151;36.3199,126.5069;36.3298,126.5043;36.3275,126.5135;36.3345,126.5188;36.3356,126.5256;36.3380,126.5337;36.3389,126.5408;36.3430,126.5464;36.3475,126.5517;36.3498,126.5581;36.3539,126.5532;36.3547,126.5468;36.3611,126.5367;36.3668,126.5276;36.3717,126.5224;36.3750,126.5160;36.3799,126.5110;36.3794,126.5050;36.3849,126.5085;36.3839,126.5016;36.3834,126.4951;36.3833,126.4887;36.3828,126.4819;36.3906,126.4827;36.3979,126.4854;36.4045,126.4866;36.4131,126.4888;36.4181,126.4927;36.4216,126.5000;36.4255,126.4951;36.4263,126.5026;36.4301,126.5085;36.4341,126.5136;36.4387,126.5178;36.4399,126.5241;36.4399,126.5301;36.4456,126.5267;36.4439,126.5209;36.4421,126.5150;36.4385,126.5095;36.4346,126.5045;36.4326,126.4986;36.4386,126.4964;36.4432,126.5002;36.4483,126.4925;36.4548,126.4867;36.4604,126.4889;36.4660,126.4864;36.4726,126.4841;36.4804,126.4810;36.4882,126.4804;36.4957,126.4804;36.5024,126.4826;36.5120,126.4832;36.5189,126.4829;36.5265,126.4881;36.5346,126.4802;36.5380,126.4753;36.5389,126.4689;36.5441,126.4658;36.5521,126.4669;36.5596,126.4714;36.5644,126.4675;36.5712,126.4664;36.5766,126.4638;36.5828,126.4644;36.5878,126.4597;36.5954,126.4553;36.5999,126.4422;36.6019,126.4361;36.6037,126.4301;36.6061,126.4234;36.6056,126.4136;36.6150,126.4142;36.6183,126.4013;36.6192,126.3879;36.6206,126.3816;36.6239,126.3759;36.6244,126.3698;36.6249,126.3602;36.6213,126.3546;36.6181,126.3484;36.6162,126.3418;36.6184,126.3360;36.6118,126.3353;36.6067,126.3286;36.6018,126.3251;36.5978,126.3201;36.5906,126.3167;36.5943,126.3105;36.5940,126.3039;36.5883,126.3018;36.5865,126.2960;36.5898,126.2894;36.5938,126.2831;36.5978,126.2877;36.6038,126.2886;36.6108,126.2875;36.6170,126.2876;36.6222,126.2831;36.6152,126.2887;36.6191,126.2961;36.6250,126.3005;36.6316,126.3013;36.6384,126.3010;36.6450,126.2984;36.6521,126.2959;36.6594,126.2927;36.6649,126.2896;36.6705,126.2853;36.6737,126.2801;36.6724,126.2732;36.6715,126.2666;36.6794,126.2661;36.6870,126.2632;36.6936,126.2614;36.6994,126.2651;36.7022,126.2708;36.7112,126.2711;36.7177,126.2732;36.7242,126.2715;36.7286,126.2795;36.7313,126.2731;36.7277,126.2668;36.7214,126.2605;36.7181,126.2554;36.7137,126.2512;36.7185,126.2471;36.7183,126.2370;36.7106,126.2335;36.7062,126.2384;36.7020,126.2332;36.6959,126.2322;36.6937,126.2226;36.6942,126.2143;36.6924,126.2085;36.6868,126.2029;36.6817,126.1971;36.6744,126.1963;36.6758,126.1899;36.6784,126.1809;36.6776,126.1747;36.6786,126.1660;36.6787,126.1600;36.6795,126.1525;36.6877,126.1517;36.6957,126.1513;36.7017,126.1492;36.7053,126.1572;36.7077,126.1628;36.7142,126.1645;36.7161,126.1705;36.7142,126.1769;36.7140,126.1829;36.7099,126.1873;36.7064,126.1945;36.7052,126.2056;36.7077,126.2119;36.7108,126.2177;36.7177,126.2231;36.7264,126.2162;36.7255,126.2102;36.7219,126.2049;36.7282,126.2057;36.7336,126.2114;36.7410,126.2115;36.7366,126.2059;36.7374,126.1991;36.7411,126.1935;36.7457,126.1869;36.7524,126.1853;36.7541,126.1777;36.7573,126.1724;36.7583,126.1664;36.7550,126.1600;36.7543,126.1425;36.7499,126.1469;36.7445,126.1497;36.7379,126.1515;36.7305,126.1505;36.7294,126.1444;36.7243,126.1412;36.7191,126.1346;36.7161,126.1293;36.7108,126.1256;36.7078,126.1201;36.7139,126.1209;36.7178,126.1269;36.7230,126.1240;36.7290,126.1249;36.7338,126.1287;36.7384,126.1330;36.7451,126.1326;36.7511,126.1328;36.7526,126.1258;36.7585,126.1239;36.7642,126.1219;36.7673,126.1160;36.7722,126.1116;36.7695,126.1171;36.7744,126.1229;36.7729,126.1287;36.7755,126.1353;36.7823,126.1324;36.7836,126.1387;36.7875,126.1435;36.7928,126.1464;36.8013,126.1495;36.8078,126.1446;36.8112,126.1500;36.8172,126.1498;36.8165,126.1558;36.8254,126.1596;36.8312,126.1570;36.8340,126.1504;36.8377,126.1455;36.8366,126.1514;36.8416,126.1551;36.8457,126.1491;36.8434,126.1554;36.8486,126.1586;36.8424,126.1600;36.8403,126.1656;36.8333,126.1679;36.8254,126.1701;36.8160,126.1723;36.8106,126.1756;36.8129,126.1840;36.8197,126.1817;36.8226,126.1871;36.8298,126.1846;36.8307,126.1778;36.8384,126.1858;36.8421,126.1907;36.8468,126.1947;36.8530,126.1980;36.8592,126.1961;36.8640,126.1923;36.8688,126.1880;36.8756,126.1918;36.8813,126.1878;36.8837,126.1796;36.8882,126.1849;36.8863,126.1921;36.8893,126.1982;36.9005,126.2032;36.8994,126.2092;36.9005,126.2152;36.9056,126.2213;36.9073,126.2294;36.9098,126.2355;36.9113,126.2433;36.9139,126.2488;36.9053,126.2580;36.9029,126.2639;36.8988,126.2741;36.9018,126.2807;36.8991,126.2886;36.9039,126.2850;36.9113,126.2850;36.9211,126.2912;36.9282,126.2937;36.9348,126.2927;36.9407,126.2900;36.9470,126.2891;36.9547,126.2876;36.9623,126.2854;36.9692,126.2857;36.9698,126.2927;36.9745,126.2989;36.9783,126.3037;36.9677,126.3039;36.9658,126.2962;36.9614,126.3005;36.9562,126.3102;36.9467,126.3044;36.9413,126.3018;36.9355,126.3047;36.9305,126.3083;36.9246,126.3039;36.9195,126.3003;36.9148,126.3059;36.9050,126.3134;36.9033,126.3193;36.8966,126.3207;36.8908,126.3224;36.8922,126.3308;36.8863,126.3284;36.8868,126.3200;36.8835,126.3132;36.8773,126.3134;36.8721,126.3097;36.8672,126.3057;36.8615,126.3028;36.8556,126.2981;36.8499,126.2954;36.8430,126.2933;36.8410,126.3019;36.8385,126.3129;36.8329,126.3153;36.8315,126.3091;36.8271,126.2990;36.8233,126.2888;36.8251,126.2828;36.8179,126.2808;36.8139,126.2889;36.8066,126.2868;36.7995,126.2873;36.7982,126.2932;36.8033,126.2974;36.8096,126.2991;36.8146,126.3046;36.8132,126.3125;36.8142,126.3185;36.8198,126.3224;36.8159,126.3270;36.8141,126.3330;36.8213,126.3324;36.8302,126.3259;36.8364,126.3266;36.8389,126.3197;36.8463,126.3233;36.8523,126.3250;36.8605,126.3277;36.8634,126.3329;36.8604,126.3407;36.8612,126.3467;36.8535,126.3452;36.8473,126.3428;36.8442,126.3481;36.8392,126.3516;36.8329,126.3543;36.8315,126.3602;36.8339,126.3660;36.8385,126.3617;36.8456,126.3583;36.8504,126.3621;36.8573,126.3699;36.8632,126.3713;36.8720,126.3697;36.8756,126.3645;36.8793,126.3749;36.8820,126.3830;36.8805,126.3892;36.8805,126.3967;36.8869,126.3965;36.8929,126.3960;36.8913,126.4022;36.8963,126.4077;36.8936,126.4132;36.8967,126.4192;36.8983,126.4293;36.9045,126.4294;36.9066,126.4211;36.9079,126.4149;36.9099,126.4090;36.9164,126.4102;36.9192,126.4047;36.9196,126.4135;36.9242,126.4182;36.9314,126.4206;36.9374,126.4189;36.9315,126.4167;36.9353,126.4099;36.9324,126.4045;36.9355,126.3988;36.9321,126.3931;36.9271,126.3897;36.9356,126.3849;36.9417,126.3823;36.9458,126.3750;36.9470,126.3686;36.9420,126.3624;36.9471,126.3592;36.9509,126.3537;36.9587,126.3515;36.9614,126.3461;36.9606,126.3377;36.9664,126.3356;36.9729,126.3343;36.9667,126.3435;36.9676,126.3496;36.9690,126.3557;36.9685,126.3627;36.9646,126.3676;36.9619,126.3733;36.9675,126.3756;36.9691,126.3815;36.9697,126.3886;36.9742,126.3841;36.9732,126.3773;36.9801,126.3798;36.9826,126.3730;36.9790,126.3652;36.9827,126.3576;36.9810,126.3504;36.9840,126.3439;36.9852,126.3346;36.9896,126.3281;36.9972,126.3273;36.9985,126.3370;37.0024,126.3468;37.0050,126.3524;37.0110,126.3562;37.0068,126.3605;37.0075,126.3673;37.0084,126.3740;37.0099,126.3809;37.0116,126.3900;37.0120,126.4046;37.0142,126.4106;37.0122,126.4176;37.0198,126.4208;37.0152,126.4258;37.0117,126.4333;37.0073,126.4390;37.0070,126.4452;37.0068,126.4521;37.0002,126.4534;37.0017,126.4597;37.0044,126.4655;37.0082,126.4704;37.0150,126.4655;37.0190,126.4607;37.0256,126.4680;37.0320,126.4700;37.0444,126.4793;37.0517,126.4840;37.0578,126.4880;37.0597,126.4951;37.0649,126.4983;37.0632,126.5057;37.0613,126.5135;37.0594,126.5192;37.0485,126.5275;37.0424,126.5298;37.0376,126.5401;37.0342,126.5459;37.0353,126.5546;37.0370,126.5612;37.0307,126.5603;37.0276,126.5659;37.0252,126.5715;37.0243,126.5775;37.0227,126.5837;37.0200,126.5899;37.0170,126.5969;37.0140,126.6037;37.0112,126.6106;37.0076,126.6191;37.0050,126.6250;37.0022,126.6315;37.0005,126.6378;36.9996,126.6439;36.9992,126.6539;36.9989,126.6668;36.9984,126.6809;36.9991,126.6874;36.9994,126.6934;37.0004,126.6948
36.8924,129.4192;36.8852,129.4165;36.8793,129.4189;36.8738,129.4215;36.8671,129.4204;36.8607,129.4231;36.8547,129.4260;36.8489,129.4289;36.8429,129.4344;36.8359,129.4417;36.8299,129.4459;36.8231,129.4485;36.8165,129.4544;36.8079,129.4576;36.8011,129.4587;36.7965,129.4627;36.7887,129.4623;36.7823,129.4680;36.7771,129.4714;36.7710,129.4758;36.7642,129.4765;36.7606,129.4714;36.7497,129.4684;36.7426,129.4710;36.7374,129.4739;36.7317,129.4759;36.7247,129.4732;36.7168,129.4727;36.7078,129.4743;36.7013,129.4755;36.6953,129.4694;36.6888,129.4679;36.6828,129.4645;36.6770,129.4617;36.6728,129.4569;36.6778,129.4619;36.6815,129.4567;36.6787,129.4506;36.6735,129.4407;36.6686,129.4364;36.6629,129.4336;36.6565,129.4306;36.6489,129.4283;36.6450,129.4234;36.6404,129.4189;36.6343,129.4171;36.6265,129.4146;36.6196,129.4120;36.6120,129.4135;36.6062,129.4158;36.5992,129.4153;36.5959,129.4102;36.5893,129.4111;36.5836,129.4132;36.5781,129.4161;36.5707,129.4217;36.5659,129.4262;36.5624,129.4314;36.5587,129.4368;36.5532,129.4396;36.5455,129.4393;36.5385,129.4397;36.5325,129.4397;36.5260,129.4419;36.5201,129.4437;36.5141,129.4444;36.5109,129.4528;36.5088,129.4467;36.5095,129.4529;36.5057,129.4481;36.4998,129.4462;36.4939,129.4449;36.4878,129.4431;36.4837,129.4351;36.4769,129.4327;36.4717,129.4357;36.4656,129.4375;36.4584,129.4362;36.4505,129.4359;36.4429,129.4352;36.4372,129.4330;36.4310,129.4354;36.4232,129.4347;36.4174,129.4312;36.4110,129.4301;36.4035,129.4237;36.3991,129.4189;36.3941,129.4153;36.3890,129.4108;36.3846,129.4064;36.3790,129.4042;36.3729,129.3993;36.3681,129.3952;36.3620,129.3950;36.3566,129.3889;36.3505,129.3883;36.3446,129.3866;36.3369,129.3813;36.3307,129.3794;36.3244,129.3815;36.3183,129.3790;36.3109,129.3801;36.3050,129.3777;36.2989,129.3797;36.2929,129.3782;36.2881,129.3746;36.2776,129.3784;36.2708,129.3766;36.2585,129.3744;36.2506,129.3752;36.2413,129.3822;36.2354,129.3849;36.2307,129.3810;36.2251,129.3833;36.2181,129.3858;36.2120,129.3838;36.2084,129.3776;36.2059,129.3721;36.1999,129.3719;36.1942,129.3739;36.1860,129.3816;36.1837,129.3872;36.1814,129.3934;36.1745,129.3952;36.1683,129.3981;36.1620,129.3980;36.1559,129.3986;36.1485,129.3975;36.1423,129.3952;36.1351,129.3977;36.1290,129.4044;36.1236,129.4120;36.1195,129.4180;36.1157,129.4228;36.1123,129.4292;36.1136,129.4371;36.1116,129.4312;36.1107,129.4382;36.1015,129.4397;36.0971,129.4337;36.0964,129.4278;36.0900,129.4219;36.0856,129.4177;36.0795,129.4178;36.0726,129.4145;36.0716,129.4056;36.0684,129.4005;36.0634,129.3967;36.0639,129.3865;36.0611,129.3810;36.0556,129.3783;36.0506,129.3817;36.0515,129.3743;36.0454,129.3772;36.0369,129.3794;36.0312,129.3833;36.0305,129.3901;36.0387,129.4014;36.0363,129.4098;36.0390,129.4017;36.0355,129.4140;36.0305,129.4310;36.0264,129.4184;36.0289,129.4097;36.0251,129.4035;36.0211,129.3989;36.0139,129.4000;36.0140,129.4062;36.0163,129.4126;36.0128,129.4180;36.0189,129.4223;36.0114,129.4232;36.0074,129.4175;36.0101,129.4233;36.0064,129.4177;36.0015,129.4214;35.9976,129.4281;35.9951,129.4343;35.9921,129.4436;35.9915,129.4501;35.9961,129.4576;36.0031,129.4585;36.0082,129.4663;36.0126,129.4741;36.0165,129.4825;36.0164,129.4886;36.0196,129.4941;36.0235,129.4988;36.0333,129.5041;36.0387,129.5071;36.0428,129.5146;36.0508,129.5201;36.0570,129.5241;36.0566,129.5302;36.0647,129.5361;36.0686,129.5407;36.0745,129.5430;36.0800,129.5458;36.0850,129.5491;36.0861,129.5555;36.0800,129.5598;36.0791,129.5660;36.0736,129.5701;36.0663,129.5706;36.0624,129.5753;36.0539,129.5776;36.0482,129.5821;36.0398,129.5788;36.0339,129.5771;36.0300,129.5824;36.0262,129.5774;36.0204,129.5815;36.0141,129.5810;36.0073,129.5779;36.0036,129.5724;35.9980,129.5673;35.9919,129.5677;35.9895,129.5613;35.9873,129.5525;35.9842,129.5582;35.9798,129.5524;35.9722,129.5524;35.9667,129.5492;35.9607,129.5505;35.9545,129.5462;35.9490,129.5430;35.9445,129.5358;35.9363,129.5320;35.9313,129.5272;35.9316,129.5207;35.9258,129.5184;35.9182,129.5198;35.9127,129.5234;35.9071,129.5261;35.9024,129.5327;35.8978,129.5286;35.8917,129.5250;35.8864,129.5279;35.8818,129.5224;35.8753,129.5187;35.8712,129.5252;35.8713,129.5314;35.8647,129.5290;35.8558,129.5247;35.8516,129.5204;35.8419,129.5173;35.8354,129.5162;35.8272,129.5114;35.8211,129.5100;35.8152,129.5124;35.8088,129.5110;35.8077,129.5039;35.8014,129.5011;35.7945,129.5004;35.7898,129.4960;35.7841,129.4915;35.7747,129.4953;35.7681,129.4940;35.7619,129.4946;35.7565,129.4914;35.7485,129.4893;35.7439,129.4842;35.7328,129.4857;35.7223,129.4836;35.7169,129.4790;35.7113,129.4813;35.7072,129.4761;35.7017,129.4732;35.6934,129.4756;35.6869,129.4744;35.6814,129.4717;35.6785,129.4662;35.6724,129.4643;35.6661,129.4630;35.6664,129.4569;35.6610,129.4526;35.6511,129.4498;35.6539,129.4444;35.6547,129.4377;35.6566,129.4318;35.6572,129.4257;35.6602,129.4195;35.6630,129.4136;35.6634,129.4076;35.6656,129.4016;35.6680,129.3953;35.6693,129.3888;35.6712,129.3818;35.6697,129.3745;35.6753,129.3667;35.6788,129.3612;35.6794,129.3536;35.6763,129.3480;35.6699,129.3405;35.6698,129.3342;35.6651,129.3303;35.6588,129.3278;35.6579,129.3191;35.6603,129.3126;35.6572,129.3045;35.6501,129.3033;35.6465,129.2970;35.6462,129.2907;35.6505,129.2854;35.6517,129.2778;35.6511,129.2697;35.6546,129.2604;35.6605,129.2555;35.6664,129.2547;35.6708,129.2588;35.6770,129.2608;35.6831,129.2586;35.6911,129.2626;35.6981,129.2591;35.7016,129.2534;35.7019,129.2464;35.7040,129.2395;35.7052,129.2335;35.7093,129.2283;35.7114,129.2224;35.7156,129.2138;35.7201,129.2095;35.7189,129.2017;35.7184,129.1927;35.7206,129.1865;35.7238,129.1813;35.7172,129.1784;35.7146,129.1711;35.7148,129.1641;35.7176,129.1581;35.7220,129.1529;35.7247,129.1472;35.7239,129.1410;35.7171,129.1379;35.7121,129.1342;35.7141,129.1274;35.7086,129.1243;35.7067,129.1175;35.7074,129.1104;35.7064,129.1035;35.7043,129.0974;35.7027,129.0910;35.6981,129.0857;35.6929,129.0772;35.6878,129.0740;35.6824,129.0699;35.6755,129.0712;35.6691,129.0690;35.6622,129.0674;35.6556,129.0722;35.6509,129.0762;35.6468,129.0811;35.6415,129.0777;35.6440,129.0718;35.6466,129.0633;35.6483,129.0567;35.6495,129.0506;35.6463,129.0451;35.6373,129.0407;35.6325,129.0370;35.6340,129.0304;35.6361,129.0248;35.6324,129.0193;35.6278,129.0147;35.6253,129.0089;35.6217,129.0039;35.6150,128.9971;35.6126,128.9914;35.6087,128.9826;35.6134,128.9728;35.6151,128.9654;35.6206,128.9613;35.6251,128.9542;35.6318,128.9467;35.6351,128.9411;35.6367,128.9302;35.6389,128.9239;35.6406,128.9151;35.6378,128.9091;35.6332,128.9017;35.6293,128.8919;35.6320,128.8847;35.6345,128.8789;35.6285,128.8749;35.6216,128.8739;35.6161,128.8681;35.6090,128.8648;35.6062,128.8594;35.6010,128.8555;35.5949,128.8519;35.5896,128.8447;35.5958,128.8356;35.5968,128.8263;35.5930,128.8184;35.5892,128.8103;35.5894,128.8036;35.5813,128.7999;35.5733,128.7950;35.5682,128.7888;35.5670,128.7827;35.5680,128.7759;35.5699,128.7675;35.5678,128.7601;35.5703,128.7538;35.5711,128.7479;35.5760,128.7404;35.5760,128.7320;35.5807,128.7253;35.5785,128.7168;35.5786,128.7093;35.5780,128.7033;35.5815,128.6984;35.5870,128.6940;35.5927,128.6916;35.5949,128.6839;35.5954,128.6765;35.5943,128.6700;35.5947,128.6634;35.5979,128.6563;35.5946,128.6506;35.5931,128.6441;35.5887,128.6398;35.5862,128.6319;35.5851,128.6252;35.5839,128.6168;35.5802,128.6058;35.5812,128.5997;35.5844,128.5932;35.5862,128.5854;35.5929,128.5734;35.5994,128.5698;35.6027,128.5620;35.6082,128.5590;35.6148,128.5587;35.6172,128.5530;35.6196,128.5472;35.6216,128.5412;35.6273,128.5362;35.6368,128.5373;35.6437,128.5348;35.6508,128.5378;35.6598,128.5374;35.6621,128.5318;35.6690,128.5287;35.6756,128.5268;35.6810,128.5297;35.6879,128.5313;35.6937,128.5347;35.7007,128.5326;35.7070,128.5313;35.7127,128.5279;35.7165,128.5333;35.7190,128.5419;35.7235,128.5476;35.7267,128.5529;35.7288,128.5587;35.7339,128.5630;35.7345,128.5708;35.7368,128.5765;35.7383,128.5824;35.7318,128.5891;35.7355,128.5941;35.7366,128.6010;35.7390,128.6075;35.7369,128.6139;35.7309,128.6148;35.7262,128.6101;35.7209,128.6152;35.7146,128.6143;35.7060,128.6175;35.7023,128.6240;35.7067,128.6305;35.7061,128.6367;35.7070,128.6435;35.7139,128.6535;35.7194,128.6602;35.7193,128.6663;35.7210,128.6734;35.7209,128.6796;35.7271,128.6850;35.7302,128.6902;35.7362,128.6914;35.7423,128.6921;35.7485,128.6928;35.7557,128.6955;35.7627,128.6915;35.7680,128.6886;35.7755,128.6871;35.7810,128.6830;35.7901,128.6825;35.7924,128.6883;35.7966,128.6927;35.7950,128.6998;35.7998,128.7054;35.8042,128.7102;35.8066,128.7168;35.8127,128.7149;35.8194,128.7121;35.8264,128.7086;35.8318,128.7141;35.8359,128.7192;35.8364,128.7252;35.8425,128.7263;35.8513,128.7257;35.8569,128.7219;35.8523,128.7335;35.8521,128.7402;35.8557,128.7452;35.8576,128.7509;35.8633,128.7548;35.8667,128.7598;35.8739,128.7607;35.8815,128.7601;35.8875,128.7613;35.8953,128.7578;35.9036,128.7566;35.9118,128.7574;35.9167,128.7522;35.9186,128.7456;35.9239,128.7411;35.9296,128.7367;35.9351,128.7395;35.9430,128.7438;35.9491,128.7423;35.9548,128.7398;35.9599,128.7430;35.9665,128.7443;35.9729,128.7462;35.9758,128.7403;35.9811,128.7367;35.9854,128.7310;35.9918,128.7342;35.9975,128.7319;36.0022,128.7278;36.0061,128.7227;36.0085,128.7159;36.0097,128.7080;36.0109,128.7014;36.0156,128.6960;36.0145,128.6865;36.0148,128.6801;36.0134,128.6742;36.0127,128.6676;36.0099,128.6606;36.0090,128.6538;36.0095,128.6470;36.0105,128.6407;36.0090,128.6348;36.0079,128.6261;36.0064,128.6187;36.0010,128.6157;35.9931,128.6077;35.9878,128.6034;35.9845,128.5961;35.9792,128.5902;35.9774,128.5835;35.9783,128.5728;35.9749,128.5657;35.9727,128.5585;35.9631,128.5540;35.9657,128.5467;35.9732,128.5437;35.9775,128.5373;35.9806,128.5312;35.9754,128.5267;35.9675,128.5293;35.9616,128.5309;35.9556,128.5341;35.9495,128.5330;35.9423,128.5343;35.9360,128.5343;35.9301,128.5313;35.9236,128.5295;35.9196,128.5233;35.9146,128.5193;35.9115,128.5141;35.9070,128.5077;35.9012,128.5059;35.8917,128.5049;35.8868,128.5015;35.8908,128.4947;35.8963,128.4920;35.8965,128.4859;35.8966,128.4792;35.8965,128.4720;35.9030,128.4676;35.9095,128.4660;35.9138,128.4721;35.9199,128.4738;35.9264,128.4754;35.9330,128.4766;35.9374,128.4724;35.9387,128.4634;35.9416,128.4578;35.9366,128.4528;35.9352,128.4451;35.9315,128.4387;35.9307,128.4310;35.9280,128.4249;35.9219,128.4214;35.9161,128.4175;35.9112,128.4138;35.9057,128.4097;35.9005,128.4041;35.8963,128.3991;35.8905,128.3964;35.8789,128.3907;35.8727,128.3889;35.8672,128.3849;35.8609,128.3835;35.8541,128.3834;35.8520,128.3895;35.8520,128.3967;35.8519,128.4110;35.8506,128.4192;35.8496,128.4314;35.8482,128.4386;35.8479,128.4447;35.8445,128.4548;35.8416,128.4604;35.8397,128.4666;35.8336,128.4725;35.8301,128.4811;35.8243,128.4828;35.8180,128.4830;35.8123,128.4779;35.8090,128.4728;35.8059,128.4619;35.8060,128.4497;35.8060,128.4410;35.8094,128.4211;35.8061,128.4158;35.8015,128.4111;35.7964,128.4063;35.7900,128.4026;35.7832,128.3994;35.7777,128.3969;35.7733,128.3921;35.7667,128.3877;35.7616,128.3844;35.7553,128.3861;35.7503,128.3899;35.7455,128.3960;35.7380,128.4126;35.7346,128.4188;35.7310,128.4239;35.7271,128.4295;35.7223,128.4336;35.7163,128.4346;35.7093,128.4346;35.6992,128.4255;35.6964,128.4191;35.6958,128.4122;35.6977,128.4061;35.7002,128.3971;35.7013,128.3872;35.7020,128.3806;35.7040,128.3748;35.7074,128.3650;35.7087,128.3589;35.7045,128.3523;35.6975,128.3515;35.6909,128.3533;35.6844,128.3560;35.6786,128.3599;35.6666,128.3725;35.6587,128.3835;35.6537,128.3918;35.6488,128.3979;35.6390,128.4015;35.6330,128.4013;35.6278,128.3964;35.6192,128.3896;35.6136,128.3784;35.6115,128.3723;35.6134,128.3656;35.6195,128.3637;35.6258,128.3628;35.6323,128.3605;35.6380,128.3575;35.6437,128.3531;35.6461,128.3442;35.6448,128.3378;35.6484,128.3300;35.6466,128.3240;35.6508,128.3193;35.6537,128.3116;35.6554,128.3047;35.6562,128.2981;35.6516,128.2918;35.6525,128.2812;35.6473,128.2774;35.6452,128.2670;35.6443,128.2609;35.6507,128.2522;35.6541,128.2454;35.6511,128.2364;35.6446,128.2377;35.6395,128.2297;35.6407,128.2219;35.6408,128.2139;35.6438,128.2064;35.6455,128.1997;35.6510,128.1961;35.6564,128.1888;35.6569,128.1813;35.6551,128.1734;35.6530,128.1659;35.6549,128.1602;35.6627,128.1612;35.6722,128.1629;35.6733,128.1741;35.6766,128.1827;35.6802,128.1887;35.6814,128.1966;35.6837,128.2025;35.6913,128.2027;35.6971,128.2046;35.7030,128.2033;35.7090,128.2002;35.7175,128.2023;35.7275,128.1986;35.7335,128.1978;35.7381,128.1936;35.7471,128.1909;35.7528,128.1879;35.7552,128.1817;35.7584,128.1750;35.7635,128.1650;35.7697,128.1617;35.7770,128.1635;35.7815,128.1581;35.7864,128.1544;35.7840,128.1480;35.7844,128.1418;35.7848,128.1358;35.7890,128.1305;35.7949,128.1279;35.8020,128.1229;35.8088,128.1216;35.8161,128.1233;35.8224,128.1231;35.8235,128.1170;35.8239,128.1109;35.8278,128.1060;35.8299,128.0998;35.8322,128.0942;35.8321,128.0878;35.8375,128.0821;35.8390,128.0742;35.8395,128.0672;35.8357,128.0621;35.8340,128.0559;35.8300,128.0504;35.8313,128.0434;35.8342,128.0381;35.8356,128.0315;35.8335,128.0257;35.8325,128.0175;35.8289,128.0118;35.8330,128.0068;35.8359,128.0010;35.8400,127.9959;35.8456,127.9909;35.8511,127.9870;35.8576,127.9842;35.8556,127.9779;35.8522,127.9721;35.8550,127.9667;35.8593,127.9603;35.8616,127.9512;35.8581,127.9458;35.8545,127.9358;35.8563,127.9289;35.8633,127.9330;35.8687,127.9301;35.8748,127.9291;35.8813,127.9281;35.8839,127.9225;35.8895,127.9191;35.8898,127.9120;35.8898,127.9057;35.8878,127.8989;35.8876,127.8926;35.8923,127.8882;35.8990,127.8827;35.9059,127.8831;35.9121,127.8879;35.9174,127.8844;35.9238,127.8835;35.9300,127.8832;35.9319,127.8900;35.9342,127.8957;35.9398,127.9036;35.9459,127.9101;35.9522,127.9077;35.9569,127.9023;35.9649,127.9002;35.9716,127.8965;35.9777,127.8963;35.9797,127.8896;35.9845,127.8933;35.9906,127.8877;35.9942,127.8811;35.9969,127.8756;36.0025,127.8786;36.0086,127.8758;36.0159,127.8753;36.0219,127.8767;36.0262,127.8816;36.0323,127.8834;36.0357,127.8900;36.0380,127.8975;36.0406,127.9033;36.0467,127.9061;36.0507,127.9108;36.0543,127.9167;36.0524,127.9256;36.0504,127.9327;36.0530,127.9394;36.0568,127.9452;36.0610,127.9508;36.0673,127.9546;36.0703,127.9609;36.0768,127.9619;36.0830,127.9617;36.0901,127.9585;36.0951,127.9622;36.1003,127.9667;36.1073,127.9680;36.1128,127.9652;36.1192,127.9677;36.1226,127.9761;36.1277,127.9841;36.1327,127.9889;36.1389,127.9879;36.1450,127.9880;36.1514,127.9908;36.1543,127.9962;36.1584,127.9910;36.1652,127.9898;36.1699,127.9830;36.1770,127.9841;36.1828,127.9797;36.1877,127.9753;36.1932,127.9788;36.2005,127.9841;36.1996,127.9903;36.2042,127.9948;36.2073,128.0060;36.2087,128.0141;36.2079,128.0204;36.2052,128.0267;36.2002,128.0333;36.1943,128.0384;36.1963,128.0454;36.2008,128.0529;36.2066,128.0505;36.2129,128.0502;36.2175,128.0422;36.2227,128.0390;36.2326,128.0353;36.2397,128.0301;36.2435,128.0357;36.2503,128.0390;36.2521,128.0457;36.2584,128.0436;36.2615,128.0332;36.2654,128.0269;36.2673,128.0211;36.2701,128.0142;36.2717,128.0083;36.2681,128.0032;36.2681,127.9968;36.2646,127.9918;36.2629,127.9841;36.2608,127.9779;36.2546,127.9783;36.2504,127.9706;36.2531,127.9649;36.2541,127.9579;36.2568,127.9526;36.2623,127.9482;36.2669,127.9439;36.2691,127.9379;36.2743,127.9340;36.2787,127.9265;36.2819,127.9153;36.2844,127.9097;36.2912,127.9056;36.2986,127.9056;36.2976,127.8985;36.2926,127.8936;36.2874,127.8887;36.2817,127.8863;36.2737,127.8826;36.2758,127.8764;36.2766,127.8705;36.2768,127.8618;36.2745,127.8538;36.2823,127.8503;36.2888,127.8492;36.2937,127.8456;36.2997,127.8469;36.3054,127.8445;36.3155,127.8444;36.3203,127.8504;36.3265,127.8512;36.3310,127.8559;36.3351,127.8615;36.3373,127.8678;36.3430,127.8703;36.3457,127.8771;36.3491,127.8851;36.3563,127.8895;36.3628,127.8883;36.3689,127.8852;36.3749,127.8834;36.3813,127.8830;36.3854,127.8783;36.3910,127.8748;36.3915,127.8656;36.3976,127.8651;36.4036,127.8695;36.4085,127.8733;36.4141,127.8757;36.4209,127.8823;36.4238,127.8737;36.4297,127.8755;36.4376,127.8736;36.4447,127.8738;36.4497,127.8778;36.4560,127.8788;36.4618,127.8820;36.4671,127.8784;36.4728,127.8805;36.4806,127.8806;36.4857,127.8755;36.4913,127.8797;36.4933,127.8855;36.4960,127.8929;36.5007,127.9008;36.5061,127.9061;36.5132,127.9025;36.5198,127.9015;36.5258,127.9012;36.5312,127.8964;36.5337,127.8887;36.5350,127.8807;36.5390,127.8752;36.5428,127.8705;36.5487,127.8724;36.5568,127.8713;36.5604,127.8665;36.5653,127.8617;36.5696,127.8574;36.5709,127.8489;36.5698,127.8430;36.5705,127.8361;36.5743,127.8302;36.5709,127.8245;36.5743,127.8193;36.5792,127.8131;36.5814,127.8049;36.5864,127.7985;36.5927,127.7966;36.5996,127.7972;36.6021,127.8032;36.6058,127.8083;36.6074,127.8143;36.6099,127.8203;36.6114,127.8266;36.6112,127.8352;36.6083,127.8407;36.6128,127.8491;36.6119,127.8552;36.6182,127.8538;36.6239,127.8480;36.6313,127.8506;36.6345,127.8566;36.6377,127.8631;36.6473,127.8699;36.6522,127.8734;36.6568,127.8796;36.6496,127.8819;36.6428,127.8849;36.6381,127.8894;36.6313,127.8886;36.6270,127.8963;36.6276,127.9027;36.6239,127.9086;36.6168,127.9111;36.6100,127.9172;36.6034,127.9187;36.6028,127.9252;36.6098,127.9242;36.6160,127.9244;36.6187,127.9324;36.6252,127.9319;36.6314,127.9346;36.6411,127.9343;36.6457,127.9383;36.6523,127.9390;36.6554,127.9316;36.6614,127.9323;36.6688,127.9296;36.6681,127.9232;36.6718,127.9159;36.6777,127.9130;36.6799,127.9066;36.6822,127.9004;36.6824,127.8917;36.6791,127.8866;36.6787,127.8805;36.6820,127.8743;36.6834,127.8819;36.6912,127.8873;36.6944,127.8939;36.6933,127.9025;36.6926,127.9123;36.6921,127.9226;36.6908,127.9289;36.6976,127.9317;36.7045,127.9325;36.7069,127.9381;36.7060,127.9446;36.7126,127.9496;36.7197,127.9491;36.7236,127.9540;36.7333,127.9565;36.7342,127.9625;36.7313,127.9682;36.7269,127.9727;36.7222,127.9777;36.7188,127.9835;36.7172,127.9902;36.7183,127.9974;36.7230,128.0061;36.7284,128.0094;36.7276,128.0173;36.7219,128.0209;36.7192,128.0265;36.7174,128.0329;36.7133,128.0409;36.7094,128.0465;36.7079,128.0531;36.7083,128.0669;36.7110,128.0723;36.7222,128.0680;36.7260,128.0620;36.7305,128.0580;36.7336,128.0527;36.7384,128.0473;36.7456,128.0344;36.7536,128.0325;36.7590,128.0358;36.7657,128.0401;36.7711,128.0448;36.7786,128.0469;36.7856,128.0501;36.7917,128.0532;36.7984,128.0561;36.8043,128.0546;36.8114,128.0575;36.8169,128.0601;36.8168,128.0674;36.8128,128.0744;36.8085,128.0791;36.8042,128.0854;36.7981,128.0859;36.7968,128.0935;36.8029,128.0930;36.8060,128.1011;36.8073,128.1071;36.8135,128.1083;36.8213,128.1098;36.8215,128.1184;36.8240,128.1246;36.8274,128.1331;36.8329,128.1363;36.8324,128.1426;36.8286,128.1490;36.8224,128.1531;36.8220,128.1600;36.8219,128.1681;36.8208,128.1752;36.8166,128.1848;36.8166,128.1917;36.8155,128.1983;36.8124,128.2072;36.8117,128.2133;36.8183,128.2173;36.8243,128.2159;36.8308,128.2143;36.8391,128.2130;36.8455,128.2108;36.8493,128.2167;36.8467,128.2238;36.8454,128.2301;36.8453,128.2370;36.8515,128.2368;36.8576,128.2345;36.8644,128.2372;36.8713,128.2404;36.8693,128.2469;36.8664,128.2543;36.8652,128.2604;36.8626,128.2673;36.8571,128.2762;36.8560,128.2825;36.8499,128.2856;36.8444,128.2880;36.8395,128.2929;36.8332,128.3000;36.8293,128.3050;36.8263,128.3107;36.8228,128.3157;36.8167,128.3164;36.8164,128.3284;36.8170,128.3345;36.8146,128.3410;36.8130,128.3482;36.8106,128.3568;36.8029,128.3613;36.8026,128.3675;36.8077,128.3733;36.8126,128.3802;36.8143,128.3895;36.8144,128.3959;36.8121,128.4034;36.8118,128.4102;36.8122,128.4167;36.8148,128.4253;36.8209,128.4280;36.8273,128.4335;36.8341,128.4341;36.8376,128.4415;36.8425,128.4454;36.8478,128.4490;36.8534,128.4467;36.8615,128.4478;36.8680,128.4439;36.8717,128.4391;36.8755,128.4317;36.8765,128.4240;36.8822,128.4276;36.8887,128.4268;36.8929,128.4319;36.8990,128.4371;36.9054,128.4411;36.9137,128.4447;36.9198,128.4428;36.9274,128.4417;36.9300,128.4485;36.9337,128.4569;36.9392,128.4609;36.9456,128.4631;36.9515,128.4672;36.9562,128.4748;36.9579,128.4814;36.9619,128.4860;36.9644,128.4939;36.9679,128.5023;36.9732,128.5064;36.9763,128.5129;36.9825,128.5146;36.9881,128.5202;36.9901,128.5260;36.9902,128.5336;36.9921,128.5430;36.9955,128.5495;37.0001,128.5556;37.0066,128.5596;37.0104,128.5643;37.0140,128.5703;37.0208,128.5729;37.0260,128.5669;37.0339,128.5679;37.0354,128.5743;37.0392,128.5806;37.0430,128.5860;37.0422,128.5920;37.0431,128.5981;37.0438,128.6042;37.0489,128.6075;37.0517,128.6130;37.0491,128.6217;37.0438,128.6261;37.0405,128.6328;37.0466,128.6345;37.0516,128.6379;37.0572,128.6430;37.0621,128.6480;37.0655,128.6533;37.0608,128.6579;37.0609,128.6643;37.0586,128.6719;37.0565,128.6783;37.0522,128.6854;37.0462,128.6953;37.0408,128.7004;37.0395,128.7081;37.0438,128.7187;37.0419,128.7266;37.0402,128.7346;37.0367,128.7406;37.0324,128.7452;37.0283,128.7504;37.0339,128.7571;37.0379,128.7625;37.0439,128.7617;37.0502,128.7552;37.0555,128.7524;37.0656,128.7557;37.0640,128.7641;37.0682,128.7685;37.0753,128.7705;37.0788,128.7770;37.0857,128.7754;37.0915,128.7787;37.0888,128.7848;37.0876,128.7908;37.0872,128.7974;37.0821,128.8007;37.0769,128.8061;37.0787,128.8123;37.0770,128.8194;37.0787,128.8258;37.0751,128.8321;37.0681,128.8314;37.0617,128.8400;37.0557,128.8437;37.0511,128.8483;37.0496,128.8553;37.0488,128.8631;37.0461,128.8684;37.0447,128.8757;37.0519,128.8779;37.0512,128.8843;37.0477,128.8917;37.0451,128.8971;37.0543,128.8971;37.0603,128.9022;37.0649,128.9069;37.0702,128.9102;37.0787,128.9169;37.0858,128.9179;37.0914,128.9218;37.0912,128.9286;37.0928,128.9378;37.0938,128.9457;37.0887,128.9502;37.0818,128.9531;37.0776,128.9593;37.0797,128.9683;37.0812,128.9742;37.0829,128.9818;37.0844,128.9886;37.0817,128.9952;37.0788,129.0091;37.0795,129.0152;37.0765,129.0209;37.0770,129.0295;37.0762,129.0367;37.0711,129.0419;37.0701,129.0483;37.0690,129.0555;37.0684,129.0639;37.0745,129.0674;37.0810,129.0672;37.0875,129.0701;37.0930,129.0770;37.0942,129.0828;37.0972,129.0886;37.0994,129.0944;37.0994,129.1010;37.0949,129.1064;37.0925,129.1120;37.0913,129.1229;37.0851,129.1265;37.0818,129.1336;37.0818,129.1404;37.0766,129.1443;37.0742,129.1512;37.0712,129.1585;37.0694,129.1646;37.0604,129.1704;37.0567,129.1771;37.0489,129.1837;37.0422,129.1851;37.0406,129.1914;37.0425,129.1986;37.0450,129.2050;37.0430,129.2134;37.0444,129.2211;37.0425,129.2303;37.0404,129.2364;37.0468,129.2327;37.0547,129.2295;37.0604,129.2317;37.0670,129.2309;37.0721,129.2276;37.0770,129.2313;37.0815,129.2358;37.0882,129.2434;37.0949,129.2477;37.0980,129.2552;37.1015,129.2624;37.1063,129.2689;37.1154,129.2710;37.1164,129.2812;37.1156,129.2875;37.1144,129.2946;37.1225,129.2976;37.1275,129.3023;37.1279,129.3089;37.1327,129.3166;37.1382,129.3230;37.1419,129.3279;37.1420,129.3364;37.1451,129.3428;37.1463,129.3521;37.1448,129.3615;37.1408,129.3666;37.1364,129.3709;37.1303,129.3711;37.1230,129.3735;37.1190,129.3780;37.1121,129.3749;37.1041,129.3770;37.1028,129.3829;37.0964,129.3826;37.0932,129.3878;37.0895,129.3939;37.0838,129.3959;37.0800,129.4007;37.0733,129.4117;37.0696,129.4185;37.0642,129.4268;37.0584,129.4301;37.0539,129.4251;37.0576,129.4203;37.0534,129.4152;37.0473,129.4132;37.0376,129.4148;37.0309,129.4103;37.0248,129.4097;37.0150,129.4137;37.0063,129.4171;37.0001,129.4178;36.9910,129.4165;36.9850,129.4110;36.9798,129.4080;36.9718,129.4121;36.9650,129.4149;36.9583,129.4162;36.9528,129.4186;36.9466,129.4188;36.9408,129.4210;36.9329,129.4187;36.9253,129.4189;36.9187,129.4187;36.9120,129.4164;36.9056,129.4168;36.8993,129.4200;36.8924,129.4192